key,0,2,8
#,Name,NameNoArticle,
offset,0,4,8
Int32,String,String,String
0,,,
1,,,
2,,,
3,,,
4,,,
5,,,
6,,,
7,,,
8,,,
9,,,
10,,,
11,,,
12,,,
13,,,
14,,,
15,,,
16,,,
17,,,
18,公會理符,levemete,
19,,,
20,海德林,Hydaelyn,
21,艾歐澤亞,Eorzea,
22,拉諾西亞,La Noscea,
23,黑衣森林,Black Shroud,
24,薩納蘭,Thanalan,
25,庫爾札斯,Coerthas,
26,摩杜納,Mor Dhona,
27,利姆薩·羅敏薩,Limsa Lominsa,
28,利姆薩·羅敏薩上層甲板,Limsa Lominsa upper decks,
29,利姆薩·羅敏薩下層甲板,Limsa Lominsa lower decks,
30,中拉諾西亞,middle La Noscea,
31,拉諾西亞低地,lower La Noscea,
32,東拉諾西亞,eastern La Noscea,
33,西拉諾西亞,western La Noscea,
34,拉諾西亞高地,upper La Noscea,
35,沙斯塔夏溶洞,Sastasha,
36,布雷福洛克斯野營地,Brayflox's Longstop,
37,放浪神古神殿,Wanderer's Palace,
38,,,
39,格里達尼亞,Gridania,
40,烏爾達哈現世迴廊,Ul'dah - Steps of Nald,
41,烏爾達哈來生迴廊,Ul'dah - Steps of Thal,
42,西薩納蘭,western Thanalan,
43,中薩納蘭,central Thanalan,
44,東薩納蘭,eastern Thanalan,
45,南薩納蘭,southern Thanalan,
46,北薩納蘭,northern Thanalan,
47,樵鳴洞,Cutter's Cry,
48,銅鈴銅山,Copperbell Mines,
49,日影地修練所,Halatali,
50,喀恩埋沒聖堂,Sunken Temple of Qarn,
51,烏爾達哈,Ul'dah,
52,格里達尼亞新街,New Gridania,
53,格里達尼亞舊街,Old Gridania,
54,黑衣森林中央林區,Central Shroud,
55,黑衣森林東部林區,East Shroud,
56,黑衣森林南部林區,South Shroud,
57,黑衣森林北部林區,North Shroud,
58,塔姆·塔拉墓園,Tam-Tara Deepcroft,
59,靜語莊園,Haukke Manor,
60,,,
61,托托·拉克千獄,Thousand Maws of Toto-Rak,
62,伊修加德,Ishgard,
63,庫爾札斯中央高地,Coerthas central highlands,
64,澤梅爾要塞,Dzemael Darkhold,
65,黃金谷,Aurum Vale,
66,東方地域,Far East,
67,摩杜納,Mor Dhona,
68,翡翠湖濱,Jadeite Thick,
69,翠淚擇伐區,Greentear,
70,彎枝,Bentbranch,
71,酸模避風港,Sorrel Haven,
72,朽骨森,Standing Corses,
73,蜜場,Honey Yard,
74,九藤,Nine Ivies,
75,荊棘森,Bramble Patch,
76,百靈啼,Larkscall,
77,妖精領,Sylphlands,
78,高徑,Upper Paths,
79,低徑,Lower Paths,
80,蛇蛻林,Snakemolt,
81,沉默花壇,Silent Arbor,
82,兀爾德恩惠地,Urth's Gift,
83,私語巨木,Treespeak,
84,和平苑,Peacegarden,
85,榿木泉,Alder Springs,
86,榮耀溪,Proud Creek,
87,青貉門,Blue Badger Gate,
88,白狼門,White Wolf Gate,
89,基爾波特哨塔,Gilbert's Spire,
90,烤餅練兵所,Bannock,
91,加比諾老爹的小屋,Gabineaux's Bower,
92,裸岩丘,Naked Rock,
93,沃連牢獄,Spirithold,
94,彎枝牧場,Bentbranch Meadows,
95,加爾梵斯哨塔,Galvanth's Spire,
96,地母神忘跡,Matron's Lethe,
97,塔姆·塔拉墓園,Tam-Tara Deepcroft,
98,鏡池棧橋,Mirror Planks,
99,睡蓮岩,Lilystone,
100,境樹,Hedgetree,
101,常影區,Everschade,
102,靜語莊園,Haukke Manor,
103,血祭臺,Sanguine Perch,
104,萌芽池,Hopeseed Pond,
105,龍紋岩,Amberscale Rock,
106,魔石精巢穴,Spriggan Dig,
107,霍桑山寨,Hawthorne Hut,
108,境樹,Hedgetree,
109,,,
110,阿馬里賽哨塔,Amarissaix's Spire,
111,帝國東方堡,Castrum Oriens,
112,十二神大聖堂,Sanctum of the Twelve,
113,妖精暫留地,Little Solace,
114,月芽叢,Moonspore Grove,
115,搖籃樹,Seedbed,
116,金葉臺,Goldleaf Dais,
117,懸鉤群,Hanging Barbs,
118,巴斯卡隆監視所遺址,Buscarron's Scar,
119,巴斯卡隆酒家,Buscarron's Druthers,
120,托托·拉克千獄,Thousand Maws of Toto-Rak,
121,空居,Issom-Har,
122,無人庵,No Man's Hovel,
123,恬靜路營地,Camp Tranquil,
124,,,
125,無限城市街古蹟,Lost City of Amdapor,
126,蔓根沼,Rootslake,
127,森南飛艇坪,South Shroud landing,
128,無限城古堡,Amdapor Keep,
129,石場水車,Quarrymill,
130,紅腹蜂巢,Redbelly Hive,
131,哥布林族野營地,Goblins' Meet,
132,枯葉堆,Takers' Rot,
133,兀爾德泉,Urth's Fount,
134,,,
135,黃蛇門,Yellow Serpent Gate,
136,私語巨木鳥欄,Treespeak Stables,
137,艾·塔塔哨塔,E-Tatt's Spire,
138,境樹,Hedgetree,
139,林場水車,Hyrstmill,
140,秋瓜浮村,Fallgourd Float,
141,浮栓亭,Bobbing Cork,
142,弗洛朗泰爾哨塔,Florentel's Spire,
143,山人岩穴,Finders' Bluff,
144,格爾莫拉遺跡,Gelmorra Ruins,
145,鳥人軍採伐所,Ixali logging grounds,
146,歐金尼婭哨塔,Eugenia's Spire,
147,初學者學堂,Hall of the Novice,
148,,,
149,,,
150,,,
151,棲木旅館,Roost,
152,艾歐澤亞地下空間,Eorzean Subterrane,
153,陌迪翁牢獄,Mordion Gaol,
154,群狼困鬥,Fold,
155,花蜜棧橋,Sweetbloom Pier,
156,西葉脈,West Vein,
157,東葉脈,East Vein,
158,若斯蘭哨塔,Josselin's Spire,
159,盛花養蜂場,Fullflower Comb,
160,元靈幼樹,Blessed Bud,
161,和風流地,Zephyr Drift,
162,盛夏灘,Summerford,
163,三星里彎陷,Three-malm Bend,
164,莫拉比灣,Moraby Bay,
165,雪松原,Cedarwood,
166,神握角,Gods' Grip,
167,鮮血濱,Bloodshore,
168,接雨草樹林,Raincatcher Gully,
169,永恆舊街,Agelyss Wise,
170,四分石地,Quarterstone,
171,骷髏谷,Skull Valley,
172,二分石地,Halfstone,
173,幻影群島,Isles of Umbra,
174,橡樹原,Oakwood,
175,登天路,Long Climb,
176,黑金湖,Iron Lake,
177,石綠湖,Bronze Lake,
178,澤爾瑪溪谷,Zelma's Run,
179,和風陸門,Zephyr Gate,
180,加拉迪翁灣,Galadion Bay,
181,德內維爾西路,De Nevelle Westroad,
182,無賴川,Rogue River,
183,拉撒格蘭關,La Thagran Checkpoint,
184,盛夏農莊,Summerford Farms,
185,海詞石窟,Seasong Grotto,
186,永恆川,Agelyss River,
187,岩鍋,Cookpot,
188,開墾者小倉,Tiller's Rest,
189,橫斷崖,Descent,
190,天梯,Skylift,
191,德內維爾關,De Nevelle Checkpoint,
192,輕聲谷,Woad Whisper Canyon,
193,尼姆河,Nym River,
194,前桅塔,Foremast,
195,錯亂橋,Madman Bridge,
196,眼鏡岩,Eyes,
197,遺孀淚,Mourning Widow,
198,暴風陸門,Tempest Gate,
199,奧修昂大橋,Oschon's Embrace,
200,赤血雄雞農場,Red Rooster Stead,
201,灰艦風車群,Grey Fleet,
202,盲鐵坑道,Blind Iron Mines,
203,拉撒格蘭東路,La Thagran Eastroad,
204,廢棄小屋,House of Sticks,
205,白鷗塔,Gullperch Tower,
206,太陽海岸,Costa del Sol,
207,永恆川,Agelyss River,
208,渡輪碼頭,ferry docks,
209,伽洛克巢洞,Garlok's Lair,
210,隱秘瀑布碼頭,Hidden Falls docks,
211,隱秘瀑布,Hidden Falls,
212,布雷福洛克斯野營地,Brayflox's Longstop,
213,斷弦亭,Severed String,
214,紅螳螂瀑布,Red Mantis Falls,
215,接雨草樹林碼頭,Raincatcher Gully docks,
216,葡萄酒港,Wineport,
217,帝國西方堡,Castrum Occidens,
218,雨燕塔殖民地,Swiftperch,
219,渡渡鳥巢營,Flock,
220,釀酒師燈塔,Brewer's Beacon,
221,德內維爾西路,De Nevelle Westroad,
222,沙斯塔夏溶洞,Sastasha,
223,小麥酒港,Aleport,
224,骷髏谷營地,Camp Skull Valley,
225,衛士軍墓,Founder's Crypt,
226,北防波堤,North Tidegate,
227,南防波堤,South Tidegate,
228,船舶墓場,Ship Graveyard,
229,永夏島,Isle of Endless Summer,
230,天狼星燈塔,Pharos Sirius,
231,梅梅盧恩交易站,Memeroon's Trading Post,
232,貧女材場,Poor Maid's Mill,
233,撒拉奧斯的遺骸,Thalaos,
234,愚者瀑布,Fool Falls,
235,隱者庵,Hermit's Hovel,
236,尼姆浮游遺跡,Floating City of Nym,
237,瞭望陣營地,Camp Overlook,
238,武伽瑪羅武裝礦山,U'Ghamaro Mines,
239,石綠湖營地,Camp Bronze Lake,
240,放浪神古神殿,Wanderer's Palace,
241,吉吉盧恩交易站,Jijiroon's Trading Post,
242,地靈軍試掘地,Kobold Dig,
243,金錘臺地,Hammerlea,
244,地平,Horizon's Edge,
245,足跡谷,Footfalls,
246,西風岬,Cape Westwind,
247,無刺盆地,Spineless Basin,
248,黑塵,Black Brush,
249,執掌峽谷,Clutch,
250,枯骨,Drybone,
251,沙門,Sandgate,
252,新植林,Wellwick Wood,
253,火牆,Burning Wall,
254,穢水,Broken Water,
255,贊拉克,Zanr'ak,
256,紅迷宮,Red Labyrinth,
257,撒溝厲沙漠,Sagolii Desert,
258,藍霧,Bluefog,
259,勞班緩衝地,Raubahn's Push,
260,帝國南方堡,Castrum Meridianum,
261,薩薩莫八十罪梯,Eighty Sins of Sasamo,
262,烽火嶺燈塔,Beaconhill Lighthouse,
263,毒蠍交易所,Scorpion Crossing,
264,豐饒神井,Nophica's Wells,
265,一號打樁塔,East Hammer,
266,白銀集市,Silver Bazaar,
267,銅鈴銅山,Copperbell Mines,
268,日升門,Sunrise Gate,
269,日落門,Sunset Gate,
270,亞拉戈旭日路,Royal Allagan Sunway,
271,地平關,Horizon,
272,月牙灣,Crescent Cove,
273,不語王像,Silent King,
274,黃昏灣,Vesper Bay,
275,月滴洞,Moondrip,
276,帕拉塔安息地,Parata's Peace,
277,帝國軍前哨基地,Imperial Outpost,
278,棄石貧民窟,Stonesthrow,
279,菲斯卡冒險者營地,Fesca's Wash,
280,姐妹丘,Four Sisters,
281,污流,Soot Creek,
282,王立娜娜莫菜園,Royal Plantations,
283,烏爾達哈調車庫,Ul'dah Dispatch Yard,
284,亞拉戈繁星路,Royal Allagan Starway,
285,菲斯卡瞭望臺,Fesca's Watch,
286,大霸王樹,Sultantree,
287,撒溝厲關,Sagolii Gate,
288,亞拉戈旭日路,Royal Allagan Sunway,
289,金庫靈柩亭,Coffer & Coffin,
290,黑塵驛站,Black Brush Station,
291,希拉狄哈遺跡,Sil'dih Excavation Site,
292,鼠巢,Rat's Nest,
293,獄門蟻穴,Hellsbrood Holes,
294,無望流民街,Lost Hope,
295,狼煙丘,Bonfire,
296,納納瓦銀山,Nanawa Mines,
297,邪嗣,Unholy Heir,
298,屈伊伯龍別宅遺跡,Quiveron Manse,
299,亞拉戈旭日路,Royal Allagan Sunway,
300,枯骨營地,Camp Drybone,
301,消逝王都,Invisible City,
302,聖阿達瑪·蘭達瑪教會,Church of Saint Adama Landama,
303,錐峰原,Sea of Spires,
304,黃金集市,Golden Bazaar,
305,日影地修練所,Halatali,
306,蜥蜴人軍陣地,Amalj'aa encampment,
307,跨天橋,Highbridge,
308,宇格拉姆河,Yugr'am River,
309,札爾神祠,Thal's Respite,
310,紫紅瀑布,Burgundy Falls,
311,最終祈禱紀念地,Final Prayer,
312,喀恩埋沒聖堂,Sunken Temple of Qarn,
313,小阿拉米格,Little Ala Mhigo,
314,火蜥蜴河,Burnt Lizard Creek,
315,浪人墳,Sepulchre,
316,焚者群落,Circle of the Tempered,
317,幽靈湖,Ghostlake,
318,贊拉克側翼陣,Zanr'ak encampment,
319,贊拉克祭場,Zanr'ak Altar,
320,不悔戰陣,Zahar'ak,
321,納爾神祠,Nald's Reflection,
322,牛魔里程,Minotaur Malm,
323,遺忘綠洲,Forgotten Springs,
324,工藝神擊,Byregot's Strike,
325,藍霧營地,Camp Bluefog,
326,東側監視塔,East Watchtower,
327,西側監視塔,West Watchtower,
328,艾瑪吉娜秘銀廢礦,abandoned Amajina mythril mine,
329,衛月爪痕,Dalamud's Talons,
330,青磷泉,Ceruleum Field,
331,青磷精煉所,Ceruleum Processing Plant,
332,前門,Forward Gates,
333,帝國南方堡,Castrum Meridianum,
334,錐峰原,Sea of Spires,
335,魔列車停車場,Loading Bay,
336,飛空戰艦著陸場,dreadnaught landing,
337,莫拉比造船廠,Moraby Drydocks,
338,砂鹽灘,Salt Strand,
339,守炬埠頭,Candlekeep Quay,
340,空心穴,Empty Heart,
341,奧修昂火炬,Oschon's Torch,
342,青磷水採掘場,Ceruleum Drill,
343,靜語莊園1層,Haukke Manor: Ground Floor,
344,靜語莊園2層,Haukke Manor: Second Floor,
345,靜語莊園地窖,Haukke Manor: Cellarage,
346,神勇隊司令室,Seat of the First Bow,
347,芙蓉圓桌,Lotus Stand,
348,再生的殘樁,Lifemend Stump,
349,帝國海上基地,Castrum Marinum,
350,拉諾西亞外地,outer La Noscea,
351,提督室,command room,
352,利姆薩·羅敏薩會議室,,
353,利姆薩·羅敏薩演講室,,
354,銀胄團總長室,Heart of the Sworn,
355,芳香堂,Fragrant Chamber,
356,沙之家,Waking Sands,
357,炎帝陵,Bowl of Embers,
358,狼獄停船場,Wolves' Den Pier,
359,奧·哥摩羅火口神殿,Navel,
360,荊棘之園,Thornmarch,
361,呼嘯眼石塔群,Howling Eye,
362,海蛇巢穴,Serpent's Tongue,
363,薩普沙產卵地,Sapsa Spawning Grounds,
364,魚人軍陣營,Sahagin Landbase,
365,隱秘港,Reaver Hide,
366,溫酒療養院,Warmwine Sanitorium,
367,,,
368,小麥酒港碼頭,Aleport docks,
369,,,
370,月牙灣碼頭,Crescent Cove docks,
371,白銀集市碼頭,Silver Bazaar docks,
372,地下2層,B2,
373,來生迴廊,Merchant Strip,
374,拂曉之間,solar,
375,二號打樁塔,South Hammer,
376,三號打樁塔,West Hammer,
377,樵鳴洞,Cutter's Cry,
378,乙太之光廣場,Ul'dah aetheryte plaza,
379,次元縫隙迎賓室,Hall of Summoning,
380,巨龍首,Dragonhead,
381,神意之地,Providence Point,
382,巨石丘,Boulder Downs,
383,白雲崖,Whitebrim,
384,哈爾德拉斯行軍道,Haldrath's March,
385,阿德內爾占星臺,First Dicasterial Observatorium of Aetherial and Astrological Phenomena,
386,獅鷲大橋,Griffin Crossing,
387,天火要塞群,Skyfire Locks,
388,巨龍首營地,Camp Dragonhead,
389,落魔崖,Witchdrop,
390,鋼衛塔,Steel Vigil,
391,魔胃洞,Ogre's Belly,
392,聖人淚,Weeping Saint,
393,風揚殖民地,Natalan,
394,黃金谷,Aurum Vale,
395,七響走廊,Hall of the Seven Echoes,
396,秘石塔,Monument Tower,
397,戰爭神眼,Fury's Gaze,
398,聖人旅道,Daniffen Pass,
399,澤梅爾要塞,Dzemael Darkhold,
400,大審門,Gates of Judgement,
401,石衛塔,Stone Vigil,
402,白雲崖前哨,Whitebrim Front,
403,貝希摩斯的領地,Behemoth's Dominion,
404,披雪大冰壁,Snowcloak,
405,劍峰,Nail,
406,雲廊,Steps of Faith,
407,雲海,Sea of Clouds,
408,白狼門（中央林區西側方面）,White Wolf Gate (Central Shroud),
409,迷霧濕地,Fogfens,
410,銀淚湖北岸,North Silvertear,
411,喪靈鐘,Revenant's Toll,
412,廢棄營地,Camp Revenant's Toll,
413,糾纏沼澤林,Tangle,
414,早霜頂,Rathefrost,
415,帝國中央堡,Castrum Centri,
416,聖寇伊納克調查地,Saint Coinach's Find,
417,歌詠裂谷,Singing Shards,
418,密約之塔,Keeper of the Lake,
419,常影區<hex:02100103>[長老樹],Everschade<hex:02100103>(The Guardian Tree),
420,水晶塔,Crystal Tower,
421,銀淚湖,Silvertear Falls,
422,勇敢之心號,<hex:021A020203>Braveheart<hex:021A020103>,
423,接待處,entry counter,
424,狼獄水上競技場碼頭,Wolves' Den docks,
425,海霧村,Mist,
426,薰衣草苗圃,Lavender Beds,
427,高腳孤丘,Goblet,
428,閱兵場,parade ground,
429,天營路,Via Praetoria,
430,天幕魔導城,Praetorium,
431,廢物處理場,Waste Disposal,
432,地營路,Via Principalis,
433,第五封鎖區,Area V,
434,中央交叉路,central crossing,
435,魔列車停車場,Phantom Train depot,
436,軍火庫,Armamentarium,
437,飛空艇著陸場,dreadnaught landing,
438,青磷水汲取場,ceruleum pumps,
439,鄧斯坦哨塔,Dunstan's Spire,
440,天幕魔導城,Praetorium,
441,頂層,sky level,
442,管理層,Castrum Control,
443,防禦層,Castrum Defense,
444,主層,main level,
445,基層,ground level,
446,工房層,research level,
447,飛空艇平臺,airship platform,
448,對空防禦區,Anti-aircraft station,
449,魔導裝甲庫,magitek armor bay,
450,外側通路,outer walk,
451,軍團長室,command chamber,
452,基部中樞區,central hall,
453,斜行升降機,Echelon,
454,斯卡艾瓦研究室,Laboratorium Primum,
455,魔導工房區,Magitek Research,
456,工房升降機,magitek lift,
457,後營門,Porta Decumana,
458,魔導兵器認證室,Armor Recognition Chamber,
459,呼嘯眼外圍,Howling Eye,
460,莫拉比造船廠碼頭,Moraby Drydocks landing,
461,幻影群島碼頭,Isles of Umbra docks,
462,羅塔諾海,Rhotano Sea,
463,諸神黃昏級拘束艦,<hex:021A020203>Ragnarok<hex:021A020103>,
464,隕石勘查坑表層,upper aetheroacoustic exploratory site,
465,隕石勘查坑深層,lower aetheroacoustic exploratory site,
466,諸神黃昏級拘束艦,<hex:021A020203>Ragnarok<hex:021A020103>,
467,隔離壁,Ragnarok Drive Cylinder,
468,中樞區,Ragnarok Central Core,
469,第一艦橋,Ragnarok Main Bridge,
470,納爾神祠領路人,Labyrinth Guide (to the Minotaur Malm),
471,牛魔里程領路人,Labyrinth Guide (to Nald's Reflection),
472,沙之家,Waking Sands,
473,白狼門領路人,White Wolf Gate guard,
474,軍團兵員區,training area,
475,鏡池棧橋碼頭,Mirror Planks docks,
476,薰衣草苗圃碼頭,Lavender Beds docks,
477,後營門,Porta Decumana,
478,古代人迷宮,Labyrinth of the Ancients,
479,古代人迷宮1層,lower labyrinth,
480,古代人迷宮2層,upper labyrinth,
481,石之家,Rising Stones,
482,灰陣營,Ring of Ash,
483,銅鈴銅山（騷亂坑道）,Copperbell Mines (Hard),
484,靜語莊園（惡靈府邸）,Haukke Manor (Hard),
485,下層底部,first lower ring,
486,下層中部,second lower ring,
487,下層上部,third lower ring,
488,中層底部,first central ring,
489,中層中部,second central ring,
490,中層上部,third central ring,
491,上層,upper ring,
492,,,
493,希爾科斯塔,Syrcus Tower,
494,沙斯塔夏溶洞（逆轉要害）,Sastasha (Hard),
495,放浪神古神殿（武裝聖域）,Wanderer's Palace (Hard),
496,塵封秘岩,Seal Rock,
497,阿巴拉提亞,Abalathia's Spine,
498,龍堡,Dravania,
499,天狼星燈塔（地脈靈燈）,Pharos Sirius (Hard),
500,利姆薩·羅敏薩城區,Limsa Lominsa,
501,,,
502,拉諾西亞,La Noscea,
503,,,
504,烏爾達哈城區,Ul'dah,
505,薩納蘭,Thanalan,
506,格里達尼亞城區,Gridania,
507,黑衣森林,Black Shroud,
508,庫爾札斯,Coerthas,
509,摩杜納,Mor Dhona,
510,阿巴拉提亞,Abalathia's Spine,
511,龍堡,Dravania,
512,伊修加德城區,Ishgard,
513,黃金港城區,Kugane,
514,基拉巴尼亞,Gyr Abania,
515,奧薩德,Othard,
516,水晶都,Crystarium,
517,游末邦,Eulmore,
518,諾弗蘭特,Norvrandt,
519,,,
520,懺悔迴廊,Way of Penance,
521,寬容迴廊,Torn's Rest,
522,愚者大廳,Fool's Rest,
523,裸者大廳,confession chamber,
524,審問之間,Way of Forgiveness,
525,判罪之間,interrogation chamber,
526,贖罪迴廊,Way of Redemption,
527,告解之間,execution chamber,
528,出入口,exit,
529,滿潮的奧修福恩的單牢,Ser Aucheforne of the High Tide's cell,
530,愚鈍勃加德的單牢,Bergand the Broken's cell,
531,十指塔塔比的單牢,Tatabi Tenfingers' cell,
532,沼地人尤奇爾的單牢,Joukil Halfmoor's cell,
533,達蘭朵爾女士的單牢,Lady Cliaie d'Arlendre's cell,
534,出入口,exit,
535,新木祭壇,Greenwood Altar,
536,無名墓,unmarked tomb,
537,主宰者加爾梵斯之王墓,Tomb of King Galvanth the Dominator,
538,伊尼克家族之墓,Ak–Inik Tomb,
539,高木祭壇,Hardwood Altar,
540,梅那家族之墓,Ak–Mena Tomb,
541,古木祭壇,Wormwood Altar,
542,石橋,stone bridge,
543,幽寂的圓環,Eternal Calm,
544,安葬之間,interring chamber,
545,魔女咖啡館,Carline Canopy,
546,冒險者公會,Adventurers' Guild,
547,魔女咖啡館<hex:02100103>[冒險者公會],Carline Canopy<hex:02100103>(Adventurers' Guild),
548,棲木旅館,Roost,
549,格里達尼亞飛艇坪,airship landing,
550,米斯塔爾連橋,Mistalle Bridges,
551,水車十字廣場,Knot,
552,青貉門,Blue Badger Gate,
553,古橡大堂,Oak Atrium,
554,刻木匠公會,Carpenters' Guild,
555,古橡大堂<hex:02100103>[刻木匠公會],Oak Atrium<hex:02100103>(Carpenters' Guild),
556,斐加加大水車,Figaga's Gift,
557,橡子樂園,Acorn Orchard,
558,柏蘭連橋,Berlends Bridges,
559,白狼門,White Wolf Gate,
560,朱獺門,Red Otter Gate,
561,神勇隊司令部,Quiver's Hold,
562,弓箭手公會,Archers' Guild,
563,神勇隊司令部<hex:02100103>[弓箭手公會],Quiver's Hold<hex:02100103>(Archers' Guild),
564,黑檀商店街,Ebony Stalls,
565,紫檀商店街,Rosewood Stalls,
566,樹蔭東屋,Shaded Bower,
567,飛·烏爾工作室,Atelier Fen–Yll,
568,製革匠公會,Leatherworkers' Guild,
569,飛·烏爾時裝店,Fen–Yll Fineries,
570,鬼哭隊駐地,Wailing Barracks,
571,槍術師公會,Lancers' Guild,
572,鬼哭隊駐地<hex:02100103>[槍術師公會],Wailing Barracks<hex:02100103>(Lancers' Guild),
573,半人馬之眼武具店,Centaur's Eye,
574,玄豬門,Black Boar Gate,
575,碧企鵝瀑布,Apkallu Falls,
576,碩老樹冥想窟,Stillglade Fane,
577,幻術師公會,Conjurers' Guild,
578,碩老樹冥想窟<hex:02100103>[幻術師公會],Stillglade Fane<hex:02100103>(Conjurers' Guild),
579,豐饒神祭壇,Nophica's Altar,
580,米·凱特露天劇場,Mih Khetto's Amphitheatre,
581,格雷洛姆農場,Greatloam Growery,
582,園藝工公會,Botanists' Guild,
583,格雷洛姆農場<hex:02100103>[園藝工公會],Greatloam Growery<hex:02100103>(Botanists' Guild),
584,口哨磨坊,Whistling Miller,
585,紅茶川,Black Tea Brook,
586,低語河谷,Whispering Gorge,
587,翡翠湖,Jadeite Flood,
588,心流區,Heartstream,
589,姆恩·圖伊釀造庫,Mun–Tuy Cellars,
590,乙太之光廣場,Gridania aetheryte plaza,
591,蛇巢司令部,Adders' Nest,
592,東棧橋<hex:02100103>黑衣森林東部林區,Westshore Pier<hex:02100103>East Shroud,
593,陸行鳥欄,chocobokeep,
594,飛·烏爾工作室<hex:02100103>[製革匠公會],Atelier Fen-Yll<hex:02100103>(Leatherworkers' Guild),
595,東棧橋,Westshore Pier,
596,無法繼續前進,You cannot proceed any further.,
597,青貉門（中央林區東側方面）,Blue Badger Gate (Central Shroud),
598,黃蛇門（北部林區方面）,Yellow Serpent Gate (North Shroud),
599,1層,ground floor,
600,2層,second floor,
601,地下1層,cellarage,
602,門廳,foyer,
603,食品室,spence,
604,紅薔薇廳,Red Hall,
605,倉庫,storeroom,
606,音樂室,clarichord chamber,
607,書庫,library,
608,白百合廳,White Hall,
609,黃石竹廳,Yellow Hall,
610,酒窖,bottlery,
611,指控之間,accusation chamber,
612,拷問之間,abacination chamber,
613,納爾之門,Gate of Nald,
614,恆輝作戰總部,Hall of Flames,
615,流沙屋,Quicksand,
616,流沙屋<hex:02100103>[冒險者公會],Quicksand<hex:02100103>(Adventurers' Guild),
617,沙鐘旅亭,Hourglass,
618,白金幻象,Platinum Mirage,
619,格鬥家公會,Pugilists' Guild,
620,白金幻象<hex:02100103>[格鬥家公會],Platinum Mirage<hex:02100103>(Pugilists' Guild),
621,翠玉大街,Emerald Avenue,
622,鬥技場,Coliseum,
623,劍術師公會,Gladiators' Guild,
624,鬥技場<hex:02100103>[劍術師公會],Coliseum<hex:02100103>(Gladiators' Guild),
625,角鬥士武器百貨,Rudius,
626,娜娜莫新門,Gate of the Sultana,
627,阿達內斯聖櫃堂,Arrzaneth Ossuary,
628,艾拉里格墓地,Erralig's Burial Chamber,
629,咒術師公會,Thaumaturges' Guild,
630,阿達內斯聖櫃堂<hex:02100103>[咒術師公會],Arrzaneth Ossuary<hex:02100103>(Thaumaturges' Guild),
631,艾斯泰姆珠寶店,Eshtaime's Aesthetics,
632,艾斯泰姆直營工房,Eshtaime's Lapidaries,
633,雕金匠公會,Goldsmiths' Guild,
634,艾斯泰姆直營工房<hex:02100103>[雕金匠公會],Eshtaime's Lapidaries<hex:02100103>(Goldsmiths' Guild),
635,艾瑪吉娜礦山公司,Amajina & Sons Mineral Concern,
636,採礦工公會,Miners' Guild,
637,艾瑪吉娜礦山公司<hex:02100103>[採礦工公會],Amajina & Sons Mineral Concern<hex:02100103>(Miners' Guild),
638,黑玉小巷,Onyx Lane,
639,黃金廣場,Gold Court,
640,紅玉大路國際市場,Ruby Road Exchange,
641,源泉之梯,Wellhead Lift,
642,太陽絲綢服裝店,Sunsilk Tapestries,
643,裁衣匠公會,Weavers' Guild,
644,太陽絲綢服裝店<hex:02100103>[裁衣匠公會],Sunsilk Tapestries<hex:02100103>(Weavers' Guild),
645,札爾之門,Gate of Thal,
646,藍玉大街國際市場,Sapphire Avenue Exchange,
647,白玉小巷,Pearl Lane,
648,密爾瓦內斯禮拜堂,Milvaneth Sacrarium,
649,福隆戴爾藥學院,Frondale's Phrontistery,
650,煉金術士公會,Alchemists' Guild,
651,福隆戴爾藥學院<hex:02100103>[煉金術士公會],Frondale's Phrontistery<hex:02100103>(Alchemists' Guild),
652,學者走廊,Scholars' Walk,
653,御道,Royal Promenade,
654,烏爾達哈飛艇坪,airship landing,
655,寄生樹門,Ivy Door,
656,溶洞,Sastasha Seagrot,
657,霧鬚王基地,Dead Man's Drink,
658,霧鬚暗道,Mistbeard Cove,
659,溶洞,Sastasha Seagrot,
660,嚎叫池,Wauling Pond,
661,死路,Empty Room,
662,豹子窩,Cattery,
663,第一舷梯門,first rambade,
664,槳手室,Rowers' Quarters,
665,出入口,exit,
666,領航員室,Navigator's Quarters,
667,甲板員室,Deckhands' Quarters,
668,船長室,Captain's Quarters,
669,處罰室,Hole,
670,第二舷梯門,second rambade,
671,海人門,Waverider Gate,
672,隱秘棧橋,Sultana's Lap,
673,A1區坑道,shaft A1,
674,B1區坑道,shaft B1,
675,B4區坑道,shaft B4,
676,E1區再開發坑道,shaft E1,
677,E2區再開發坑道,shaft E2,
678,食人深淵,Maneater Rip,
679,呼喚豎井,Screaming Dark,
680,悲嘆豎井,Crying Dark,
681,岩窟王寶座,Cold Throne,
682,未開化樹叢,Thicktwine,
683,布雷福洛克斯避難地,Brayflox's Runstop,
684,泥濘水源地,Mudstop Watergush,
685,布雷福洛克斯野營地,Brayflox's Longstop,
686,布雷福洛克斯監視小屋,Brayflox's Watchbox,
687,避難地前庭,Runstop Frontblock,
688,避難地後庭,Runstop Backblock,
689,野營地前庭,Longstop Frontblock,
690,龍巢,Dragonsleep,
691,野營地內門,Longstop Gutgate,
692,拳鬥間,Hall of the Cesti,
693,劍鬥間,Hall of the Secutores,
694,獸鬥間,Hall of the Bestiarii,
695,福隆戴爾藥學院兒科病房,Frondale's Home for Friendless Foundlings,
696,,,
697,,,
698,政府層,Hustings Strip,
699,,,
700,上層甲板,upper decks,
701,下層甲板,lower decks,
702,阿斯塔利西亞號,<hex:021A020203>Astalicia<hex:021A020103>,
703,珊瑚塔<hex:02100103>[斧術師公會],Coral Tower<hex:02100103>(Marauders' Guild),
704,珊瑚塔,Coral Tower,
705,火槍手公會,Musketeers' Guild,
706,梅爾凡海關,Mealvaan's Gate,
707,梅爾凡海關<hex:02100103>[秘術師公會],Mealvaan's Gate<hex:02100103>(Arcanists' Guild),
708,俾斯麥餐廳,Bismarck,
709,俾斯麥餐廳<hex:02100103>[烹調師公會],Bismarck<hex:02100103>(Culinarians' Guild),
710,納爾迪克＆威米利作坊,Naldiq & Vymelli's,
711,納爾迪克＆威米利作坊<hex:02100103>[鍛鐵匠公會]<hex:02100103>[鑄甲匠公會],Naldiq & Vymelli's<hex:02100103>(Blacksmiths' Guild)<hex:02100103>(Armorers' Guild),
712,秘術師公會,Arcanists' Guild,
713,網倉,Fisherman's Bottom,
714,網倉<hex:02100103>[捕魚人公會],Fisherman's Bottom<hex:02100103>(Fishermen's Guild),
715,沉溺海豚亭,Drowning Wench,
716,沉溺海豚亭<hex:02100103>[冒險者公會],Drowning Wench<hex:02100103>(Adventurers' Guild),
717,鏡海魚店,Hyaline,
718,七賢堂,Seventh Sage,
719,永遠少女亭,Missing Member,
720,烹調師公會,Culinarians' Guild,
721,後桅塔,Mizzenmast,
722,海將艦橋,Bridge,
723,作戰指揮室,stateroom,
724,作戰會議室,briefing room,
725,利姆薩·羅敏薩飛艇坪,airship landing,
726,陸行鳥欄,chocobokeep,
727,北極星燈塔,Pharos Polaris,
728,渡輪碼頭,ferry docks,
729,養殖場,Barrel,
730,競拍所,auction house,
731,烏鴉之梯,Crow's Lift,
732,工事大廳,Bulwark Hall,
733,後桅旅店,Mizzenmast Inn,
734,捕魚人公會,Fishermen's Guild,
735,和風陸門,Zephyr Gate,
736,暴風陸門,Tempest Gate,
737,艦尾樓,Aftcastle,
738,乙太之光廣場,Limsa Lominsa aetheryte plaza,
739,八分儀廣場,Octant,
740,,,
741,錨場,Anchor Yard,
742,燕鷗大橋,Procession of Terns,
743,國際廣場,Hawkers' Round,
744,東國際商販路,East Hawkers' Alley,
745,西國際商販路,West Hawkers' Alley,
746,海鰻橋廊,Lamprey's Leap,
747,海鯉橋廊,Minnow's Leap,
748,中央管區,Central Limsa Lominsa,
749,北部管區,Northern Islands,
750,船長區,Captains Ward,
751,南部管區,Southern Islands,
752,水手區,Sailors Ward,
753,商業區,Market Wards,
754,利姆薩·羅敏薩碼頭,Lominsan ferry docks,
755,黑渦軍令部,Maelstrom Command,
756,黃石竹門,Carnation Door,
757,緊鎖的門,sealed door,
758,緊鎖的門,sealed door,
759,避難地正門,Runstop Headgate,
760,避難地內門,Runstop Gutgate,
761,避難地暗門,Runstop Backgate,
762,野營地正門,Longstop Headgate,
763,船長室大門,captain's quarters,
764,冒險者公會前（鍛鐵匠公會/鑄甲匠公會/黑渦團）,Aftcastle,
765,烹調師公會前（俾斯麥餐廳）,Culinarians' Guild,
766,斧術師公會前（珊瑚塔）,Marauders' Guild,
767,市場（國際廣場）,Hawkers' Alley,
768,捕魚人公會前（雙劍師公會）,Fishermen's Guild,
769,秘術師公會前（渡輪碼頭）,Arcanists' Guild,
770,和風陸門（中拉諾西亞方面）,Zephyr Gate (Middle La Noscea),
771,暴風陸門（拉諾西亞低地方面）,Tempest Gate (Lower La Noscea),
772,冒險者公會前,Adventurers' Guild,
773,咒術師公會前,Thaumaturges' Guild,
774,劍術師公會前（鬥技場）,Gladiators' Guild,
775,採礦工公會前（天青鬥場）,Miners' Guild,
776,煉金術士公會前,Alchemists' Guild,
777,裁衣匠公會前,Weavers' Guild,
778,烏爾達哈王政廳,Chamber of Rule,
779,娜娜莫新門（西薩納蘭方面）,Gate of the Sultana (Western Thanalan),
780,納爾之門（中薩納蘭北方面）,Gate of Nald (Central Thanalan),
781,札爾之門（中薩納蘭南方面）,Gate of Thal (Central Thanalan),
782,弓箭手公會前,Archers' Guild,
783,市場（製革匠公會前）,Leatherworkers' Guild & Shaded Bower,
784,槍術師公會前,Lancers' Guild,
785,幻術師公會前,Conjurers' Guild,
786,園藝工公會前,Botanists' Guild,
787,米·凱特露天劇場,Mih Khetto's Amphitheatre,
788,雕金匠公會前,Goldsmiths' Guild,
789,沉默庭院,Silent Garden,
790,長廊,Long Hall,
791,旅人棧橋,Point of Peregrination,
792,水上庭院,Still Waters,
793,無限迴廊,Endless Rise,
794,旅人安息所,Final Ease,
795,放浪神禮堂,chantry,
796,金錠池,Golden Pools,
797,無錢洞,Empty Pocket,
798,黃水湖,Bile Lake,
799,守衛陷阱,Trap,
800,守衛駐所,Lock,
801,金庫門,Banded Lid,
802,徵稅人的金庫,Coincounter's Chest,
803,守財奴的住處,Miser's Hold,
804,守財奴的倉房,Miser's Take,
805,門衛駐所,guardhouse,
806,陸行鳥欄,chocobo stables,
807,虎口,Gullet,
808,大禮堂,grand hall,
809,龍息瀑布,Dragonbreath Falls,
810,衛兵食堂,feasting hall,
811,衛兵營房,knights' quarters,
812,聖達奈芬禮拜堂,Altar to Saint Daniffen,
813,練兵廣場,training hall,
814,太陽階地,Sun Terrace,
815,塔塔梅夫二世的祈禱所,Oratory of Tatamefu II,
816,拉拉弗托一世的庭院,Rosarium of Lalafuto I,
817,拉拉弗托四世的地下神殿,Adytum of Lalafuto IV,
818,武力之間,Vault of Steel,
819,財力之間,Vault of Wealth,
820,魔力之間,Vault of Aether,
821,智力之間,Vault of Secrets,
822,拉拉弗托三世的庭院,Rosarium of Lalafuto III,
823,審理之間,Inquisitor's Measure,
824,梅梅托女王的祈禱所,Oratory of Memeto the Meek,
825,太陽神大堂,Cameral Chamber,
826,祈禱所大門,inner sanctum gate,
827,緊鎖的門,sealed door,
828,緊鎖的門,sealed door,
829,緊鎖的門,sealed door,
830,緊鎖的門,sealed door,
831,緊鎖的門,sealed door,
832,地下神殿大門,lower sanctum gate,
833,武力之門,Vault of Steel,
834,財力之門,Vault of Wealth,
835,魔力之門,Vault of Aether,
836,智力之門,Vault of Secrets,
837,審理之門,Path to Retribution,
838,枯水沙層,The Dry Sands,
839,湧水沙層,The Wet Sands,
840,青磷水沙層,The Blue Sands,
841,飽食的前堂,Feeding Pit,
842,沉澱的中廳,Sunken Antechamber,
843,大食王的玄室,Craver's Den,
844,埋門,chocobo stables gate,
845,大手門,Gullet gate,
846,應門,grand hall gate,
847,食堂大門,feasting hall gate,
848,4級魔導結界,Level IV Magitek Field,
849,1層,ground level,
850,地下1層,First Drop,
851,海狼洞,Wolf Pit,
852,紅牙囚籠,Fang Cage,
853,藍爪囚籠,Claw Cage,
854,聖堂入口,sanctum entrance,
855,埋沒遺跡,inner sanctum,
856,地下遺跡,lower sanctum,
857,十字大堂,Crossroads,
858,腐朽迷路,Path of Decay,
859,妖異迷路,Path of Vice,
860,煉獄迷路,Path of Redemption,
861,升天走廊,Walk of Ascension,
862,死者浴室,Pools of Demise,
863,,,
864,愚者浴室,Pools of Folly,
865,腐王朝堂,Hall of the Tainted,
866,嘆息走廊,Walk of Lament,
867,妖王朝堂,Hall of the Deviant,
868,灼熱走廊,Walk of Fire,
869,獸王朝堂,Hall of the Savage,
870,不淨的大堂,Gier Hall,
871,慘劇的翼廊,Bloody Transept,
872,背叛的謁見廳,Presence Chamber,
873,1層,ground floor,
874,2層,second floor,
875,3層,third floor,
876,悲憤的前庭,forecourt,
877,碉樓,barbican,
878,右翼胸牆,right brattice,
879,副飛艇庫,strongroom,
880,騎兵駐所,barracks,
881,左翼胸牆,left brattice,
882,勇將朝堂,Hall of the Inexorable,
883,亡者浴室,Pools of Oblivion,
884,指控之門,accusation chamber door,
885,拷問之門,abacination chamber door,
886,勘查據點,Exploratory Site entrance,
887,隕石風洞,Meteor fissure,
888,隕石勘查坑,aetheroacoustic exploratory site,
889,亞拉戈遺構,Allagan megastructure,
890,第一刃區,First Blade,
891,勘查坑深層,lower aetheroacoustic exploratory site,
892,第七區,Sector VII,
893,第四區,Sector IV,
894,第二區,Sector II,
895,第一區,Sector I,
896,第三區,Sector III,
897,第五區,Sector V,
898,第六區,Sector VI,
899,引擎室,engine room,
900,壓縮室,compression chamber,
901,推進室,propellant chamber,
902,隔離壁,drive cylinder,
903,巴哈姆特的右手,the Right Hand of Bahamut,
904,第一艦橋,main bridge,
905,升降區,Lifts,
906,第十二刃區,Twelfth Blade,
907,第十一刃區,Eleventh Blade,
908,第十刃區,Tenth Blade,
909,第九刃區,Ninth Blade,
910,第八刃區,Eighth Blade,
911,第七刃區,Seventh Blade,
912,第六刃區,Sixth Blade,
913,第五刃區,Fifth Blade,
914,第四刃區,Fourth Blade,
915,第三刃區,Third Blade,
916,第二刃區,Second Blade,
917,防衛指揮室,security command,
918,群狼困鬥,Fold,
919,拘束艦,<hex:021A020203>Ragnarok<hex:021A020103>,
920,六角梯,Hexalift,
921,拘束艦隔離壁,<hex:021A020203>Ragnarok<hex:021A020103> outer hull,
922,要塞外圍,outer hold,
923,要塞中城,inner hold,
924,引擎室,engine room,
925,壓縮室,compression chamber,
926,推進室,propellant chamber,
927,天狼星燈塔,Pharos Sirius,
928,第二塔基,second spire,
929,乙太貯藏室,fuel chamber,
930,乙太壓縮室,aether compressor,
931,天狼星燈室,beacon chamber,
932,第三塔基,third spire,
933,第四塔基,fourth spire,
934,乙太抽送室,aether pump,
935,5層,fifth floor,
936,4層,fourth floor,
937,3層,third floor,
938,2層,second floor,
939,1層,ground floor,
940,地下1層,flood cellar,
941,水晶門,Crystal Gate,
942,八劍士前庭,Eight Sentinels,
943,第七天堂,Seventh Heaven,
944,第789洞穴團採礦地,789th Order Dig,
945,諾布養育場,Novv's Nursery,
946,月影島,Moonshade Isle,
947,海上的商船,Open Sea - Merchantman,
948,海上的海盜船,Open Sea - Pirate Vessel,
949,海歸墓碑,Reef of Sending,
950,未知釣場,undiscovered fishing hole,
951,葉脈水系,Vein,
952,鏡池,Mirror,
953,落翠底,Verdant Drop,
954,漣漪小川,Springripple Brook,
955,妖精領溪谷,Sylphlands,
956,哈希瓦河上游,upper Hathoeva River,
957,哈希瓦河中游,middle Hathoeva River,
958,哈希瓦河下游,lower Hathoeva River,
959,哈希瓦河東支流,east Hathoeva River,
960,哥布林血流,Goblinblood,
961,嘈雜川,Murmur Rills,
962,秋瓜湖畔,Fallgourd Float,
963,塔赫托特爾湖,Lake Tahtotl,
964,翡翠湖濱,Jadeite Flood,
965,紅茶川水系下游,lower Black Tea Brook,
966,糾纏沼澤林源流,Deep Tangle,
967,歌詠裂谷北部,North Shards,
968,庫爾札斯河,Coerthas River,
969,劍峰山麓,Nail,
970,巨龍首營地水庫,Dragonhead latrines,
971,調查隊冰洞,exploratory ice hole,
972,伊修加德大雲海,Sea of Clouds,
973,和風流地沿岸,Zephyr Drift,
974,盛夏灘沿岸,Summerford,
975,西永恆川,west Agelyss River,
976,莫拉比灣西岸,Moraby Bay,
977,雪松原沿岸地,Cedarwood,
978,南鮮血濱,south Bloodshore,
979,北鮮血濱,north Bloodshore,
980,東永恆川,east Agelyss River,
981,接雨草沼澤地,Juggernaut,
982,骷髏谷沿岸地,Skull Valley,
983,二分石沿岸地,Halfstone,
984,幻影群島北岸,Isles of Umbra northshore,
985,幻影群島南岸,Isles of Umbra southshore,
986,石綠湖南岸,south Bronze Lake,
987,石綠湖東北岸,northeast Bronze Lake,
988,石綠湖淺灘,Bronze Lake shallows,
989,登天路溪谷,Long Climb,
990,污流上游,upper Soot Creek,
991,污流下游,lower Soot Creek,
992,枯骨北泉,north Drybone,
993,枯骨南泉,south Drybone,
994,紫紅河,Burgundy Falls,
995,不悔戰泉,Zahar'ak,
996,撒溝厲沙海,Sagolii Desert,
997,撒溝厲沙丘,Sagolii dunes,
998,藍霧湧泉,Bluefog,
999,紅茶川水繫上游,upper Black Tea Brook,
1000,低語河谷,Whispering Gorge,
1001,羅塔諾海（船首）,Rhotano Sea (privateer forecastle),
1002,羅塔諾海（船尾）,Rhotano Sea (privateer sterncastle),
1003,庫爾札斯不凍池,unfrozen pond,
1004,清澈池,Clearpool,
1005,災禍池南,south Banepool,
1006,災禍池西,west Banepool,
1007,徹悟岩窟西,west Mourn,
1008,沙利亞克河上流,upper Thaliak River,
1009,沙利亞克河中流,middle Thaliak River,
1010,索姆阿爾雲帽,Sohm Al summit,
1011,廢液池,aetherochemical spill,
1012,石綠湖西北岸,northwest Bronze Lake,
1013,永夏島北,North Isle of Endless Summer,
1014,提蒙河,Timmon Beck,
1015,昏暗林,Dimwold,
1016,流星尾,Comet's Tail,
1017,威羅迪納河,Velodyna River,
1018,幻河,Mirage Creek,
1019,夫婦池,Grymm & Enid,
1020,慢水滌,Slow Wash,
1021,石楠瀑布,Heather Falls,
1022,判官神像,Ephor,
1023,猛牛浴池,Bull's Bath,
1024,阿拉基利水源地,Ala Ghiri Reservoir,
1025,贖罪之腕,Arms of Meed,
1026,鹽湖,Loch Seld,
1027,紅玉砲臺近海,Ruby Price,
1028,獄之蓋近海,Hells' Lid,
1029,龜甲島近海,Isle of Bekko,
1030,沖之岩近海,Shoal Rock,
1031,自凝島近海,Onokoro,
1032,漁村沿岸,Isari,
1033,絕鬼島近海,Isle of Zekki,
1034,蒼鷺池,Heron's Nest,
1035,蒼鷺河,Heron's Way,
1036,茨菰村水塘,Namai,
1037,多瑪城前,Doma Castle,
1038,城下碼頭,mercantile docks,
1039,無二江東,One River (East),
1040,無二江西,One River (West),
1041,梅泉鄉,Plum Spring,
1042,七彩溝,Prism Lake,
1043,七彩溪谷,Prism Canyon,
1044,朵塔兒水洲,Dotharl Khaa,
1045,太陽湖,Azim Khaat,
1046,涅木卡勒河,Nem Khaal,
1047,塔奧卡勒河,Tao Khaal,
1048,亞特卡勒河下游,lower Yat Khaal,
1049,亞特卡勒河上游,upper Yat Khaal,
1050,監獄廢墟托托·拉克千獄,Thousand Maws of Toto-Rak,
1051,地下靈殿塔姆·塔拉墓園,Tam-Tara Deepcroft,
1052,封鎖坑道銅鈴銅山,Copperbell Mines,
1053,天然要害沙斯塔夏溶洞,Sastasha,
1054,毒霧洞窟黃金谷,Aurum Vale,
1055,名門府邸靜語莊園,Haukke Manor,
1056,魔獸領域日影地修練所,Halatali,
1057,休養勝地布雷福洛克斯野營地,Brayflox's Longstop,
1058,古代遺跡喀恩埋沒聖堂,Sunken Temple of Qarn,
1059,神靈聖域放浪神古神殿,Wanderer's Palace,
1060,對龍城塞石衛塔,Stone Vigil,
1061,流沙迷宮樵鳴洞,Cutter's Cry,
1062,山中戰線澤梅爾要塞,Dzemael Darkhold,
1063,邪教駐地無限城古堡,Amdapor Keep,
1064,領航明燈天狼星燈塔,Pharos Sirius,
1065,騷亂坑道銅鈴銅山,Copperbell Mines (Hard),
1066,惡靈府邸靜語莊園,Haukke Manor (Hard),
1067,紛爭要地布雷福洛克斯野營地,Brayflox's Longstop (Hard),
1068,劍鬥領域日影地修練所,Halatali (Hard),
1069,腐壞遺跡無限城市街古蹟,Lost City of Amdapor,
1070,,,
1071,,,
1072,,,
1073,,,
1074,,,
1075,,,
1076,,,
1077,,,
1078,,,
1079,,,
1080,,,
1081,,,
1082,,,
1083,,,
1084,,,
1085,,,
1086,,,
1087,,,
1088,,,
1089,,,
1090,,,
1091,,,
1092,,,
1093,,,
1094,,,
1095,,,
1096,,,
1097,,,
1098,,,
1099,,,
1100,海霧村私人小屋,private cottage - Mist,
1101,海霧村私人公館,private house - Mist,
1102,海霧村私人別墅,private mansion - Mist,
1103,高腳孤丘私人小屋,private cottage - The Goblet,
1104,高腳孤丘私人公館,private house - The Goblet,
1105,高腳孤丘私人別墅,private mansion - The Goblet,
1106,薰衣草苗圃私人小屋,private cottage - The Lavender Beds,
1107,薰衣草苗圃私人公館,private house - The Lavender Beds,
1108,薰衣草苗圃私人別墅,private mansion - The Lavender Beds,
1109,1層,ground floor,
1110,2層,second floor,
1111,地下1層,cellarage,
1112,1層,ground floor,
1113,2層,second floor,
1114,地下1層,cellarage,
1115,,1,
1116,,2,
1117,,3,
1118,,4,
1119,,5,
1120,,6,
1121,,7,
1122,,8,
1123,,9,
1124,,10,
1125,,11,
1126,,12,
1127,,13,
1128,,14,
1129,,15,
1130,,16,
1131,,17,
1132,,18,
1133,,19,
1134,,20,
1135,,21,
1136,,22,
1137,,23,
1138,,24,
1139,,25,
1140,,26,
1141,,27,
1142,,28,
1143,,29,
1144,,30,
1145,部隊房屋,estate hall (free company),
1146,房屋管理人,resident caretaker,
1147,1層,ground floor,
1148,地下1層,cellarage,
1149,海霧村碼頭,Mist Docks,
1150,海霧村東區,Mist east,
1151,薰衣草苗圃東區,Lavender east,
1152,高腳孤丘北區,Goblet North,
1153,高腳孤丘東南區,Goblet southeast,
1154,高腳孤丘領路人,residential area guide (to the Goblet),
1155,海霧村南區,Mist south,
1156,海霧村南區碼頭,Mist south (docks),
1157,海霧村個人房間,Private Chambers - Mist,
1158,高腳孤丘個人房間,Private Chambers - The Goblet,
1159,薰衣草苗圃個人房間,Private Chambers - The Lavender Beds,
1160,個人房屋,estate hall (private),
1161,海霧村,Mist,
1162,[擴建區]海霧村,Mist subdivision,
1163,高腳孤丘,Goblet,
1164,[擴建區]高腳孤丘,Goblet subdivision,
1165,薰衣草苗圃,Lavender Beds,
1166,[擴建區]薰衣草苗圃,Lavender Beds subdivision,
1167,[擴建區]海霧沙灘,Mist Beach subdivision,
1168,[擴建區]霧門廣場,Mistgate Square subdivision,
1169,[擴建區]海將水渠,Admiral's Waterspire subdivision,
1170,[擴建區]觀海貿易路,Seagaze Markets subdivision,
1171,[擴建區]海霧村東北區,Mist Northeast subdivision,
1172,[擴建區]海霧村東南區,Mist Southeast subdivision,
1173,[擴建區]海霧村中央區,Central Mist subdivision,
1174,[擴建區]海霧村西北區（碼頭）,Mist Northwest subdivision,
1175,[擴建區]海霧村西南區,Mist Southwest subdivision,
1176,[擴建區]觀海貿易路（住宅區管理人）,Seagaze Markets subdivision,
1177,[擴建區]神納大樹,Senna's Pride subdivision,
1178,[擴建區]樹冠商店街,Dappled Stalls subdivision,
1179,[擴建區]鎮守石門,Autumn's Sentinels subdivision,
1180,[擴建區]芳草商店街,Wildflower Stalls subdivision,
1181,[擴建區]薰衣草苗圃東北區,Lavender Northeast subdivision,
1182,[擴建區]薰衣草苗圃南區,Lavender South subdivision,
1183,[擴建區]薰衣草苗圃西北區,Lavender Northwest subdivision,
1184,[擴建區]薰衣草苗圃西南區,Lavender Southwest subdivision,
1185,[擴建區]雅努·帕庭院,Yainu-Par subdivision,
1186,[擴建區]紫水棧橋,Amethyst Shallows subdivision,
1187,[擴建區]樹冠商店街（住宅區管理人）,Dappled Stalls subdivision,
1188,[擴建區]不息風口,Endless Draught subdivision,
1189,[擴建區]高腳市場,Goblet Exchange subdivision,
1190,[擴建區]雄心廣場,Brimming Heart subdivision,
1191,[擴建區]娜娜莫大風車,Sultana's Breath subdivision,
1192,[擴建區]鐵腕臺,Raubahn's Salute subdivision,
1193,[擴建區]高腳孤丘東區,Goblet East subdivision,
1194,[擴建區]高腳孤丘北區,Goblet North subdivision,
1195,[擴建區]高腳孤丘東南區,Goblet Southeast subdivision,
1196,[擴建區]高腳孤丘南區,Goblet South subdivision,
1197,[擴建區]高腳孤丘西南區,Goblet Southwest subdivision,
1198,[擴建區]高腳市場（住宅區管理人）,Goblet Exchange subdivision,
1199,[擴建區]海霧村碼頭,Mist docks subdivision,
1200,霧門廣場,Mistgate Square,
1201,海將水渠,Admiral's Waterspire,
1202,觀海貿易路,Seagaze Markets,
1203,海霧沙灘,Mist Beach,
1204,海霧村西北區,Mist west,
1205,海霧村東北區,Mist northeast,
1206,觀海貿易路（住宅區管理人）,Seagaze Markets,
1207,海霧村東南區,Mist southeast,
1208,高腳市場,Goblet Exchange,
1209,不息風口,Endless Draught,
1210,雄心廣場,Brimming Heart,
1211,娜娜莫大風車,Sultana's Breath,
1212,鐵腕臺,Raubahn's Salute,
1213,高腳市場（住宅區管理人）,Goblet Exchange,
1214,高腳孤丘東北區,Goblet northeast,
1215,高腳孤丘西區,Goblet west,
1216,高腳孤丘東區,Goblet east,
1217,樹冠商店街,Dappled Stalls,
1218,神納大樹,Senna's Pride,
1219,鎮守石門,Autumn's Sentinels,
1220,芳草商店街,Wildflower Stalls,
1221,雅努·帕庭院,Yainu-Par,
1222,紫水棧橋,Amethyst Shallows,
1223,薰衣草苗圃西北區,Lavender northwest,
1224,薰衣草苗圃東南區,Lavender southeast,
1225,薰衣草苗圃西南區,Lavender southwest,
1226,樹冠商店街（住宅區管理人）,Dappled Stalls,
1227,海霧村部隊工房,Company Workshop - Mist,
1228,高腳孤丘部隊工房,Company Workshop - The Goblet,
1229,薰衣草苗圃部隊工房,Company Workshop - The Lavender Beds,
1230,乙太之光,,
1231,都市傳送網,,
1232,商店,,
1233,修理,,
1234,莫古郵件,,
1235,傳喚鈴,,
1236,僱員櫃檯,,
1237,通訊貝辦理處,,
1238,部隊儲物櫃,,
1239,傳喚鈴（旅館內）,,
1240,睡床（旅館內）,,
1241,訪客留言本,,
1242,簡易乙太之光,,
1243,迷宮,,
1244,碼頭,,
1245,碼頭,,
1246,搭乘點,,
1247,集落,,
1248,旅館,,
1249,冒險者公會,,
1250,通往上層,,
1251,通往下層,,
1252,切換場景,,
1253,蜥蜴人族據點,,
1254,妖精族據點,,
1255,鳥人族據點,,
1256,魚人族據點,,
1257,地靈族據點,,
1258,劍術師公會,,
1259,格鬥家公會,,
1260,斧術師公會,,
1261,槍術師公會,,
1262,弓箭手公會,,
1263,幻術師公會,,
1264,咒術師公會,,
1265,秘術師公會,,
1266,刻木匠公會,,
1267,鍛鐵匠公會,,
1268,鑄甲匠公會,,
1269,雕金匠公會,,
1270,製革匠公會,,
1271,裁衣匠公會,,
1272,煉金術士公會,,
1273,烹調師公會,,
1274,採礦工公會,,
1275,園藝工公會,,
1276,捕魚人公會,,
1277,黑渦軍令部,,
1278,蛇巢司令部,,
1279,恆輝作戰總部,,
1280,房屋管理人,resident caretaker,
1281,市場布告板,market board,
1282,決鬥區,dueling area,
1283,大型任務,raid,
1284,黑渦團陣營,storm landing,
1285,雙蛇黨陣營,serpent landing,
1286,恆輝隊陣營,flame landing,
1287,怪物狩獵告示板,Hunt board,
1288,天氣預報員,skywatcher,
1289,雙劍師公會,Rogues' Guild,
1290,金碟工作人員,Gold Saucer employee,
1291,聖岡里奧爾占星院,Athenaeum Astrologicum,
1292,天鋼機工房,Skysteel Manufactory,
1293,運輸站,porter,
1294,移動到其他區域,gatekeeper,
1295,專家認證,specialist approval,
1296,魔晶石師傅,materia master,
1297,天書奇談,Wondrous Tails,
1298,老主顧交易,custom deliveries,
1299,交易員,trader,
1300,內部乙太之光,aethernet shard,
1301,隕石背陰地,Dalamud's Shadow,
1302,拘束艦外圍,Outer Coil,
1303,諸神黃昏級三號艦艦體中央,central decks,
1304,諸神黃昏級三號艦作戰室,holocharts,
1305,諸神黃昏級三號艦第一艦橋,main bridge,
1306,開拓的山路,floating pass,
1307,巨像兵血路,Golem Trail,
1308,破損的門前,Scar's Edge,
1309,培養器搬運臂,incubator transport,
1310,生體管理區,Bioweapon Storage,
1311,生體傳送區,Bioweapon Deployment,
1312,毀壞的外部隔離壁,breached hull,
1313,上甲板,upper decks,
1314,主甲板,main decks,
1315,下甲板,lower decks,
1316,左舷第14區間,Sector XIV,
1317,右舷第13區間,Sector XIII,
1318,左舷第12區間,Sector XII,
1319,右舷第11區間,Sector XI,
1320,左舷第10區間,Sector X,
1321,右舷第9區間,Sector IX,
1322,中樞第8區間,Sector VIII,
1323,中樞第7區間,Sector VII,
1324,左舷第6區間,Sector VI,
1325,右舷第5區間,Sector V,
1326,左舷第4區間,Sector IV,
1327,右舷第3區間,Sector III,
1328,左舷第2區間,Sector II,
1329,右舷第1區間,Sector I,
1330,中樞艦首區,central bow,
1331,蠻鬥間,Hall of the Crupellarii,
1332,劍鬥士大堂,Hall of the Provocatores,
1333,日影地修練所（劍鬥領域）,Halatali (Hard),
1334,對利維坦雙體船,<hex:021A020203>Whorleater<hex:021A020103>,
1335,腐壞的街道,Central Amdapor,
1336,封魔洞,Sanctum of Dreams,
1337,第一橋柱,first column,
1338,第二橋柱,second column,
1339,水源地近路,Watergush Sneakway,
1340,入侵者臨時橋,Unguest's Watercross,
1341,布雷福洛克斯廢品場,Brayflox's Drossdump,
1342,入侵者陣營,Unguest's Breachhold,
1343,腐壞的大路,Agora,
1344,和平的殘滓,Halcyon Court,
1345,白魔法師塔,Tower of White,
1346,夢想宮,Dream Gate,
1347,封魔洞,Sanctum of Dreams,
1348,惡夢舞場,Waking Nightmare,
1349,臨時關門,Swiftmake Checkgate,
1350,拂曉之間,solar,
1351,布雷福洛克斯野營地（紛爭要地）,Brayflox's Longstop (Hard),
1352,來生迴廊領路人,residential area guide (to Ul'dah - Steps of Thal),
1353,培養層,Incubation Bay,
1354,管理層,Monitoring Station,
1355,主飛艇庫,main storage vault,
1356,升天階梯,Ladder of Ascension,
1357,群狼大廳,Gathering,
1358,螺旋迴廊,Braid,
1359,守衛競技場,Ring of the Protector,
1360,黃金迴廊,Golden Sacristy,
1361,皇家歌劇場,Final Curtain,
1362,始皇寶座,Emperor's Throne,
1363,神判古樹,Striking Tree,
1364,雙蛇黨陣營,Serpent landing,
1365,恆輝隊陣營,Flame landing,
1366,黑渦團陣營,Storm landing,
1367,雙蛇黨前哨,Serpent outpost,
1368,恆輝隊前哨,Flame outpost,
1369,黑渦團前哨,Storm outpost,
1370,亞拉戈市場遺跡,Allagan markets,
1371,亞拉戈太陽神殿,Allagan sun temple,
1372,亞拉戈莊園遺跡,Allagan manors,
1373,太陽之路防衛塔,Heliodrome,
1374,加爾提諾平原周邊遺跡群,Carteneau Flats: borderland ruins,
1375,塔姆·塔拉墓園（慘劇靈殿）,Tam-Tara Deepcroft (Hard),
1376,石衛塔（激戰城塞）,Stone Vigil (Hard),
1377,破艦島,Hullbreaker Isle,
1378,霧鬚一夥的基地,Runner's Reel,
1379,秘密寶物庫,hidden cache,
1380,海霧號旗艦,<hex:021A020203>Haar<hex:021A020103>,
1381,生存者海岸,Survivor Spit,
1382,小型禮堂,minor hall,
1383,乙太之光廣場（格鬥家公會/恆輝隊）,Ul'dah aetheryte plaza,
1384,乙太之光廣場（冒險者公會/刻木匠公會/雙蛇黨）,Gridania aetheryte plaza,
1385,長風實驗場,Ehcatl,
1386,呻吟池,Greeting Pond,
1387,落潮密道,Pull,
1388,被佔領的基地,Dead Man's Drink,
1389,隱秘棧橋,Sultana's Lap,
1390,戒律之繭,Chrysalis,
1391,久遠聖堂,Ivory Chapel,
1392,羅薇娜會館,Rowena's House of Splendors,
1393,鑽石工房,Diamond Forge,
1394,異端者隧道,Corruption,
1395,寧靜冰洞,Silence,
1396,風雪斷崖,Conviction,
1397,異端者秘洞,Contempt,
1398,冰柱圓庭,Oblivion,
1399,無盡輪迴劇場,Akh Afah Amphitheatre,
1400,臨時牢獄,Asylum,
1401,排水管理室,Bellows,
1402,,,
1403,喀恩埋沒聖堂（甦醒遺跡）,Sunken Temple of Qarn,
1404,拉拉弗托四世的地下庭園,Ambulatorium of Lalafuto IV,
1405,拉拉弗托一世的庭院,Rosarium of Lalafuto I,
1406,諸神黃昏級六號艦艦體中央,IC-06 Central Decks,
1407,諸神黃昏級六號艦再生控制區,IC-06 Regeneration Grid,
1408,諸神黃昏級六號艦第一艦橋,IC-06 Main Bridge,
1409,龍炎核心,Burning Heart,
1410,諸神黃昏級四號艦第一艦橋,IC-04 Main Bridge,
1411,生體管理區間,Bioweapon Storage,
1412,第7生體區間,Bioweapon Sector VII,
1413,第9生體區間,Bioweapon Sector IX,
1414,第12生體區間,Bioweapon Sector XII,
1415,精神接續區間,Neurokinetic Linkup,
1416,第1信徒區間,Alpha Concourse,
1417,生體傳送區,Bioweapon Deployment,
1418,再生控制區外殼,Outer Regeneration Grid,
1419,再生控制區內殼,Inner Regeneration Grid,
1420,一號艦管制區間,IC-01 Control,
1421,八號艦管制區間,IC-08 Control,
1422,九號艦管制區間,IC-09 Control,
1423,四號艦管制區間,IC-04 Control,
1424,二號艦管制區間,IC-02 Control,
1425,拘束艦控制區間,Coil Operations Deck,
1426,核心控制區間,Core Override,
1427,雪絨花商會,Dutiful Sisters of the Edelweiss,
1428,碼頭小屋,dock storehouse,
1429,接待室,intercessory,
1430,地下,weight chamber,
1431,暗之世界,World of Darkness,
1432,刻耳柏洛斯的胃袋,Belly of the Beast,
1433,妖眼領域,Sphere of the Sightless,
1434,妖龍領域,Sphere of the Voiceless,
1435,妖犬領域,Sphere of the Ravenous,
1436,暗黑領域,Sphere of Naught,
1437,刻耳柏洛斯的胃袋,Belly of the Beast,
1438,暗水之濱,Dark Water,
1439,眼目之嶼,Eye,
1440,妖眼展臺,Vista,
1441,頸項之嶼,Nape,
1442,妖龍獵場,Vermiculary,
1443,口齒之嶼,Jaws,
1444,妖犬門扉,Plutonium,
1445,暗黑傳送裝置,Verge,
1446,暗黑之殼,Pitch Black,
1447,無限城古堡（邪念妖地）,Amdapor Keep (Hard),
1448,悲憤的前庭,Garden of Sorrow,
1449,苦澀的大堂,Moot Hall,
1450,災厄的十字,Twain,
1451,染血的舞廳,Scarlet Ballroom,
1452,海上的大型船,Rhotano privateer,
1453,雪絨花商會<hex:02100103>[雙劍師公會],Dutiful Sisters of the Edelweiss<hex:02100103>(Rogues' Guild),
1454,,,
1455,,,
1456,,,
1457,,,
1458,,,
1459,,,
1460,,,
1461,,,
1462,,,
1463,,,
1464,,,
1465,,,
1466,,,
1467,,,
1468,,,
1469,,,
1470,,,
1471,,,
1472,,,
1473,,,
1474,,,
1475,,,
1476,,,
1477,,,
1478,,,
1479,,,
1480,,,
1481,,,
1482,,,
1483,,,
1484,金碟遊樂場,Gold Saucer,
1485,入口廣場,Entrance Square,
1486,乙太之光廣場,Gold Saucer aetheryte plaza,
1487,幻卡廣場,Card Square,
1488,奇妙廣場,Wonder Square,
1489,圓形廣場,Round Square,
1490,演出廣場,Event Square,
1491,金碟飛艇坪,airship landing,
1492,綜合櫃檯,main counter,
1493,陸行鳥電梯,Chocobo Lift,
1494,巨人柱,El Coloso,
1495,科瑞爾山,Mt. Corel,
1496,主舞臺,main stage,
1497,仙人彩,Cactpot board,
1498,曼德維爾桌臺區,Manderville Tables,
1499,曼德維爾休息區,Manderville Lounge,
1500,陸行鳥廣場,Chocobo Square,
1501,競賽櫃檯,race counter,
1502,陸行鳥電梯,Chocobo Lift,
1503,旗艦船體,<hex:021A020203>Agrius<hex:021A020103> hull,
1504,帝國軍臨時營地,provisional research camp,
1505,漂浮氣體填充區,ceruleum spill,
1506,幻龍的背脊,Keeper's Spine,
1507,密約大堂,Forsworn Promise,
1508,（仮）第１障壁,first ward,
1509,（仮）第2障壁,second ward,
1510,對龍弩砲弗拉維安,Flavien's Arm,
1511,（仮）第3障壁,third ward,
1512,對龍弩砲西爾韋特雷爾,Sylvetrel's Arm,
1513,（仮）第4障壁,fourth ward,
1514,對龍弩砲哈爾德拉斯,Haldrath's Arm,
1515,聖徒門,Arc of the Worthy,
1516,（仮）防衛橋エリア名,Steps of Faith,
1517,乙太之光廣場,Gold Saucer aetheryte plaza,
1518,入口廣場（幻卡廣場）,Entrance & Card Squares,
1519,奇妙廣場東區（多瑪方城戰）,Wonder Square East,
1520,奇妙廣場西區,Wonder Square West,
1521,演出廣場,Event Square,
1522,仙人彩,Cactpot board,
1523,圓形廣場,Round Square,
1524,陸行鳥廣場,Chocobo Square,
1525,低層,foredeck,
1526,中層,quarterdeck,
1527,高層,stern,
1528,1層,ground floor,
1529,3層,third floor,
1530,地下1層,cellar,
1531,外側庭院,outer training grounds,
1532,騎兵駐所,barracks,
1533,要塞內部,inner keep,
1534,閱兵會場,gathering hall,
1535,作戰會議室,lord commander's seat,
1536,聖岡里奧爾禮拜堂,Saint Guenriol's Chapel,
1537,要塞外牆,outer walls,
1538,終點,finish line,
1539,空中飛石,Pebble That Skips,
1540,搖曳樹群,Trees That Sway,
1541,鳴水庭園,Water That Sings,
1542,颯瑟神島,God Who Whispers,
1543,呼風殿堂,Wind That Summons,
1544,狂笑雲社,Cloud That Laughs,
1545,博物戰艦綜合甲板,grand deck,
1546,歷史展示層,history gallery,
1547,兵器展示層,soldiery gallery,
1548,博物戰艦防衛甲板,security deck,
1549,第三展示區,exhibit level III,
1550,特級合成獸培養室,high-level incubation bay,
1551,黛紫管制區,violet ward,
1552,緋紅管制區,crimson ward,
1553,翠綠管制區,emerald ward,
1554,現實增強室,reality augmentation bay,
1555,艦首構造群,forward complex,
1556,左舷構造群,larboard complex,
1557,右舷構造群,starboard complex,
1558,禮拜堂中殿,chantry nave,
1559,禮拜堂環廊,chantry cloister,
1560,內部庭園,Inner Sanctum,
1561,冰天宮,Hall of the Spear,
1562,教皇廳中殿,Vault nave,
1563,聖托爾丹大聖堂,Saint Thordan's Basilica,
1564,禮拜堂升降室,chantry lift,
1565,庭園東側升降室,east Sanctum lift,
1566,庭園西側升降室,weat Sanctum lift,
1567,冰天宮升降室,Spear lift,
1568,冰天宮圓堂,Rotunda,
1569,,,
1570,聖歌隊席,Quire,
1571,庭園小廳,chapter house,
1572,冰天宮禮拜堂,Chancel,
1573,龍巢外圍,Aery exterior,
1574,龍巢內部,Aery interior,
1575,龍巢頂點,Aery apex,
1576,艦體構造群,central complex,
1577,墮落之光的命運,Akh Fahl Lye,
1578,寵物廣場,Minion Square,
1579,第66號前線培養室,Incubator 66,
1580,毀壞不堪的根基,Ten Oohr,
1581,人類之罰,Errn Scorh,
1582,邪龍臺,Nidhogg An,
1583,破損連結,Broken Link,
1584,海蛇之喉,Serpent's Throat,
1585,塵封秘岩飛艇坪,Seal Rock landing,
1586,狹長侵蝕谷,Long Defile,
1587,燕尾海岸,Swallowtail Sands,
1588,先遣隊採掘場,Dig,
1589,主傳送門,main portal,
1590,機械兵器研究所,Automachina Research,
1591,物資搬運路,Material Transport,
1592,物資分配場,Material Distribution,
1593,生物兵器研究所,Bioweapon Research,
1594,特殊警戒通路,Security Passage,
1595,三鬪神制御區,Triad Control,
1596,拘束鏈,Neurolink,
1597,瑪文晶球,Marvyn,
1598,試驗機評測庫,Analysis and Proving,
1599,評測場,Evaluation and Authentication,
1600,第七培養層,Incubation Bay VII,
1601,第八培養層,Incubation Bay VIII,
1602,拘束倉,Neurolink Nacelle,
1603,機械兵器研究所,Automachina Research,
1604,生物兵器研究所,Bioweapon Research,
1605,三鬪神制御區,Triad Control,
1606,南坡,South Face,
1607,靈脈,Veins,
1608,不義山路,Betrayal,
1609,碧崖,Greenlinn,
1610,紅墓,Red Crypt,
1611,蒼墓,Blue Crypt,
1612,靈傷,Wound,
1613,永望頂,Hess Afah,
1614,不義山路,Betrayal,
1615,靈脈,Veins,
1616,南坡,South Face,
1617,默想閱覽室,reading room,
1618,幻想書庫,School of Phantasmagoria,
1619,奇想談話室,Convocation House,
1620,乙太學研究室,Aetherology End,
1621,博物學研究室,Natural History Room,
1622,夢想禁書庫,School of Fantastics,
1623,魔書翼廊,Hall of Magicks,
1624,占星學研究室,Astrology and Astromancy Camera,
1625,狂想禁書庫,Rhapsodies Quadrangle,
1626,升降機,autolift,
1627,升降機,autolift,
1628,戈耳狄俄斯之拳,Fist of the Father,
1629,第583整備坑道,Serviceway #583,
1630,第262蒸汽機室,Engine Room #262,
1631,第44機工兵倉庫,Machinery Bay 44,
1632,第8大型機庫,Hangar 8,
1633,戈耳狄俄斯之袖,Cuff of the Father,
1634,第542整備坑道,Serviceway #542,
1635,第541整備坑道,Serviceway #541,
1636,第539整備坑道,Serviceway #539,
1637,第12大型機庫,Hangar 12,
1638,戈耳狄俄斯之臂,Arm of the Father,
1639,第532整備坑道,Serviceway #523,
1640,梯形會議室1層,Strategeion - 1F,
1641,梯形會議室2層,Strategeion - 2F,
1642,梯形會議室3層,Strategeion - 3F,
1643,梯形會議室4層,Strategeion - 4F,
1644,第9大型冷凝器,Condensate Demineralizer #9,
1645,戈耳狄俄斯之擔,Burden of the Father,
1646,陸行鳥廣場（寵物廣場）,Minion Square,
1647,雲冠群島,Diadem,
1648,袖環上層,upper ring,
1649,袖環下層,lower ring,
1650,乙太之光廣場,Ishgard aetheryte plaza,
1651,忘憂騎士亭前（聖瓦勒魯瓦揚廣場）,Forgotten Knight,
1652,天鋼機工房前（聖蕾內特廣場）,Skysteel Manufactory,
1653,雲霧街,Brume,
1654,聖岡里奧爾占星院前（伊修加德飛艇坪）,Athenaeum Astrologicum,
1655,市場（寶杖大街）,Jeweled Crozier,
1656,聖雷馬諾大聖堂（聖恩達利姆神學院）,Saint Reymanaud's Cathedral,
1657,神聖裁判所,Tribunal,
1658,終衛要塞（福爾唐伯爵府）,Last Vigil,
1659,聖徒門（庫爾札斯中央高地方面）,Gates of Judgement (Coerthas central highlands),
1660,開發室,Eighteenth Floor,
1661,製作人房間,Office of the Producer,
1662,音樂室,sound studio,
1663,萌寵之王櫃檯,Lord of Verminion counter,
1664,狼獄演習場,Feasting Grounds,
1665,幻卡對局室,Battlehall,
1666,亞歷山大關節點,Articulation,
1667,戈耳狄俄斯之結,Gordian Knot,
1668,4層　5層,fifth & fourth levels,
1669,3層,third level,
1670,2層,second level,
1671,1層,first level,
1672,熱帶展示廳,Telmatology,
1673,乾燥帶展示廳,Eremology,
1674,聖茉夏娜研究窟,Study,
1675,密林小路,Silvology,
1676,搖曳蓮池,Limnology,
1677,腐臭庭園,Zymology,
1678,女王寶座,Amber Room,
1679,芳香餐桌,Last Supper,
1680,乙太之光廣場,Idyllshire aetheryte plaza,
1681,田園郡西,west Idyllshire,
1682,序言門（龍堡內陸低地西方面）,Prologue Gate (western hinterlands),
1683,後記門（龍堡內陸低地東方面）,Epilogue Gate (eastern hinterlands),
1684,地靈軍地下坑道,sapper tunnel,
1685,1層,first floor,
1686,地下1層,Underworks,
1687,腐壞的街道,Central Amdapor,
1688,飛翼領地,Dark Wings,
1689,魔晶堂,Crystallum,
1690,守護聖域,Protectorate,
1691,星渚,Pleroma,
1692,最上下層,lower reaches,
1693,最下上層,upper reaches,
1694,賢者研究室,Where Minds Toil,
1695,隱者娛樂室,Where Souls Rest,
1696,空中魔法陣,Manifest,
1697,浮游舞臺,Where Hearts Leap,
1698,星海瞭望室,Where All Witness,
1699,藍爪囚籠,Claw Cage,
1700,紅牙囚籠,Fang Cage,
1701,腐壞的街道,Central Amdapor,
1702,封魔洞,Sanctum of Dreams,
1703,魔晶堂,Crystallum,
1704,無限城市街古蹟（神聖遺跡）,Lost City of Amdapor (Hard),
1705,悲嘆之庭,an Answer of Sorrow,
1706,靜寂之殿,an Answer of Silence,
1707,悔恨之殿,an Answer of Shame,
1708,彌達斯之拳,Fist of the Son,
1709,第721整備坑道,Serviceway #721,
1710,第334蒸汽機室,Engine Room #334,
1711,哥布林科學研究室,Clevering,
1712,第726整備坑道,Serviceway #726,
1713,超最先端實驗室,Advanced Clevering,
1714,彌達斯之袖,Cuff of the Son,
1715,袖環前部,forward ring,
1716,袖環後部,rear ring,
1717,第763整備坑道,Serviceway #763,
1718,第66機工兵倉庫,Machinery Bay 66,
1719,第67機工兵倉庫,Machinery Bay 67,
1720,第68機工兵倉庫,Machinery Bay 68,
1721,第69機工兵倉庫,Machinery Bay 69,
1722,第70機工兵倉庫,Machinery Bay 70,
1723,彌達斯之臂,Arm of the Son,
1724,左上臂,upper arm,
1725,科學城,Illuminus,
1726,第796整備坑道,Serviceway #796,
1727,第5機關塔,Control Tower 5,
1728,科學城外圍,Outer Illuminus,
1729,亞歷山大科學城,Illuminus,
1730,公開處刑廣場,electrocution gallery,
1731,彌達斯之擔,Burden of the Son,
1732,彌達斯之結,Midan Knot,
1733,榮譽野營地,Camp Glory,
1734,梟巢遺址,Owl's Nest,
1735,暗鱗湖畔,Clearwater,
1736,榮譽野挖掘地,Discovery,
1737,亞拉戈石文S1,Allagan tomelith S1,
1738,亞拉戈石文S2,Allagan tomelith S2,
1739,亞拉戈石文S3,Allagan tomelith S3,
1740,榮譽野,Fields of Glory,
1741,破艦島（黑渦傳說）,Hullbreaker Isle (Hard),
1742,禁忌城邦瑪哈,Weeping City of Mhach,
1743,亞菲姆濕地,Yafaem Saltmoor,
1744,瑪哈遺跡,Weeping Ruins,
1745,金字塔底層,pyramid base,
1746,金字塔上層,Gloriole,
1747,壓縮世界,Twelvefold,
1748,金字塔頂層,pyramid peak,
1749,不潔濕地,peat bogs,
1750,濕地小路,Dryroad,
1751,瑪哈市街,Mhach,
1752,金字塔陸橋,Approach,
1753,基幹通道,main corridor,
1754,警備通道,security corridor,
1755,怪球陳列所,Gallery,
1756,壓縮世界,Twelvefold,
1757,上升通道,ascending corridor,
1758,[擴建區]薰衣草苗圃碼頭,Lavender Beds Docks subdivision,
1759,巴哈姆特大迷宮,Binding Coil of Bahamut,
1760,女王蛛獵場,queen's room,
1761,乖薩爾公園,Cessair Lawns,
1762,瑕托托紀念廣場,Shatotto Memorial,
1763,神諭祭壇,Shrine of the Goetic,
1764,操控之門,control gates,
1765,奧茲瑪大迴廊,Gloriole,
1766,契約石玄室,Tomb of the Nullstone,
1767,哀傷之庭,Unsevered Despair,
1768,祈禱之身,Unstifled Prayer,
1769,追憶之柱,Shattered Remembrance,
1770,悲嘆之園,Sudden Torment,
1771,拉塔托斯克殿堂,Ratatoskr's Peace,
1772,軍獸訓練區,Hell of Howls,
1773,行軍訓練區,Hell of Malms,
1774,海上訓練區,Hell of Waves,
1775,黑渦鬥技場,Maelstrom,
1776,寶物庫入口,treasury entrance,
1777,第一區,1st chamber,
1778,第二區,2nd chamber,
1779,第三區,3rd chamber,
1780,第四區,4th chamber,
1781,第五區,5th chamber,
1782,第六區,6th chamber,
1783,最終區,7th chamber,
1784,中層,middle floors,
1785,最上層,upper floors,
1786,大溪谷隘路,Wishbone,
1787,塔帕索利巢營,Tapaxoli,
1788,塞爾法特爾山麓,First Mountain,
1789,巢營門前,Cage,
1790,塔帕索利鬥技場,Tlachtli,
1791,風神祭壇,Vortex,
1792,塞爾法特爾溪谷,Xelphatol,
1793,死者宮殿,Palace of the Dead,
1794,個人練習場,dueling circle,
1795,珍秘書庫前臺,Rare Tomes desk,
1796,斷想閱覽室,School of Nihility,
1797,司書長室,Last Lamp,
1798,思想珍秘書庫,Rare Tomes Room,
1799,水城寶物庫,Aquapolis,
1800,雙蛇黨軍營,Twin Adder Barracks,
1801,恆輝隊軍營,Flame Barracks,
1802,黑渦團軍營,Maelstrom Barracks,
1803,帕洛克系留基地,Parrock,
1804,利奧法德的房間,Leofard's chambers,
1805,中桅塔,Topmast,
1806,[擴建區]中桅塔,Topmast subdivision,
1807,百合嶺,Lily Hills,
1808,[擴建區]百合嶺,Lily Hills subdivision,
1809,娜娜莫大風車,Sultana's Breath subdivision,
1810,[擴建區]娜娜莫大風車,Sultana's Breath subdivision,
1811,中桅塔大廳,Topmast Apartment Lobby,
1812,中桅塔房間,Topmast Apartment,
1813,百合嶺大廳,Lily Hills Apartment Lobby,
1814,百合嶺房間,Lily Hills Apartment,
1815,娜娜莫大風車大廳,The Sultana's Breath Apartment Lobby,
1816,娜娜莫大風車房間,The Sultana's Breath Apartment,
1817,001號室,room #001,
1818,002號室,room #002,
1819,003號室,room #003,
1820,004號室,room #004,
1821,005號室,room #005,
1822,006號室,room #006,
1823,107號室,room #107,
1824,108號室,room #108,
1825,106號室,room #106,
1826,101號室,room #101,
1827,105號室,room #105,
1828,103號室,room #103,
1829,104號室,room #104,
1830,102號室,room #102,
1831,201號室,room #201,
1832,202號室,room #202,
1833,館主之間,Hall of Blood,
1834,亡靈府邸鬧鬼莊園,Haunted Manor,
1835,亞歷山大之眼,Eyes of the Creator,
1836,知識神水瓶,Tipped Ewer,
1837,亞歷山大之首,Cranium,
1838,彌達斯單元,Midas Unit,
1839,頭部甲板,Cranial Plate,
1840,再生處理室,Life Support,
1841,亞歷山大之息,Breath of the Creator,
1842,公開處刑塔,Danglylimbs,
1843,科學城4號區,Illuminus - Ward 4,
1844,科學城11號區,Illuminus - Ward 11,
1845,公開處刑塔前,Slickred Drainage Ducts,
1846,科學萬能處刑場,Excruciationator,
1847,亞歷山大之心,Heart of the Creator,
1848,心房,Atrium,
1849,心室,Ventricle,
1850,核心生產線,Core Production,
1851,能源供給線,Energy Conduit,
1852,中樞大動力室,Main Generators,
1853,亞歷山大之魂,Soul of the Creator,
1854,過去空間,Entropy,
1855,中央管制室,Central Control,
1856,亞歷山大之心,Heart of the Creator,
1857,巴埃薩長城,Baelsar's Wall,
1858,長城下部,lower reaches,
1859,城內外區,outer reaches,
1860,城內內區,inner reaches,
1861,長城上部,Walk,
1862,天營路,Via Praetoria,
1863,魔導兵器倉庫,magitek installation,
1864,飛空戰艦著陸場,airship landing,
1865,帝國東方堡,Castrum Oriens,
1866,長城兵器庫,armory,
1867,長城胸牆,parapet,
1868,影之國,Dun Scaith,
1869,拉德莉亞女士號,<hex:021A020203>Lady Radlia<hex:021A020103>,
1870,影之國遺跡,Dun Scaith ruins,
1871,城塞內部,Crumbling Hold,
1872,城塞屋頂,Hold roof,
1873,未知空間,Unwhere,
1874,影之鐘樓,Belfry,
1875,暗薔薇庭園,Round of the Dark Rose,
1876,暗薔薇大廳,Hall of the Dark Rose,
1877,主甲板,main deck,
1878,影之商業區,Mercantile,
1879,影之大道,Thoroughfare,
1880,小丑舞臺,Rostrum,
1881,女王的閱兵廣場,Queen's Pride,
1882,女王之間,Queen's Graces,
1883,觀月臺,Lunar,
1884,地衣宮演習場,Lichenweed,
1885,利爪牢籠,Claw Cage,
1886,尖牙牢籠,Fang Cage,
1887,歐米茄控制室,Omega Control,
1888,索姆阿爾靈峰（天山深境）,Sohm Al (Hard),
1889,靈心,Heart,
1890,炎獸的領地,Fever,
1891,大熔岩窟,lava tube,
1892,靈心,Heart,
1893,白銀鄉私人小屋,private cottage - Shirogane,
1894,白銀鄉私人公館,private house - Shirogane,
1895,白銀鄉私人別墅,private mansion - Shirogane,
1896,茜雲棧橋,Akanegumo Bridge,
1897,茜阪商店街,Akanezaka Markets,
1898,白銀濱,Shirogane Shores,
1899,好文園,Kobun Gardens,
1900,隱匿濱,Hidden Shores,
1901,白雲溫泉,Shirakumo Hot Springs,
1902,茜雲棧橋（住宅區管理人）,Akanegumo Bridge,
1903,白銀鄉西北區,northwestern Shirogane,
1904,白銀鄉西區,western Shirogane,
1905,紅梅御殿,Kobai Goten,
1906,白銀鄉東北區,northeastern Shirogane,
1907,白銀鄉西南區,southwestern Shirogane,
1908,白銀鄉南區,southern Shirogane,
1909,白銀鄉東南區,southeastern Shirogane,
1910,[擴建區]茜雲棧橋,Akanegumo Bridge subdivision,
1911,[擴建區]茜阪商店街,Akanezaka Markets subdivision,
1912,[擴建區]白銀濱,Shirogane Shores subdivision,
1913,[擴建區]好文園,Kobun Gardens subdivision,
1914,[擴建區]隱匿濱,Hidden Shores subdivision,
1915,[擴建區]白雲溫泉,Shirakumo Hot Springs subdivision,
1916,[擴建區]白銀鄉北區,Northern Shirogane subdivision,
1917,[擴建區]白銀鄉東區,Eastern Shirogane subdivision,
1918,[擴建區]茜雲棧橋（住宅區管理人）,Akanegumo Bridge subdivision,
1919,[擴建區]白銀鄉東北區,Northeastern Shirogane subdivision,
1920,[擴建區]白銀鄉西區,Western Shirogane subdivision,
1921,[擴建區]紅梅御殿,Kobai Goten subdivision,
1922,[擴建區]白銀鄉西南區,Southwestern Shirogane subdivision,
1923,[擴建區]白銀鄉南區,Southern Shirogane subdivision,
1924,星導寺,Temple of the Fist,
1925,破壞神之肩,Rhalgr's Shoulder,
1926,星導之路,Way of Enlightenment,
1927,星導寺大殿,Closed Fist,
1928,水苔池,Tourmaline Pond,
1929,陰陽苑,Harmony,
1930,導靈殿,Guidance,
1931,星導山山間,Dilemma,
1932,星導山山頂,Enlightenment,
1933,機庫區,storage compound,
1934,實驗區,testing compound,
1935,中樞區,central compound,
1936,陸戰兵器開發室,Terrestrial Weaponry,
1937,強化實驗室,Project Aegis,
1938,性能試驗場,assessment grounds,
1939,蒼玉魚園,Sogyoku Piscary,
1940,紅玉御殿,Kogyoku Palace,
1941,紫水祭殿,Shisui Temple,
1942,春告門前,Harutsuge Gate,
1943,紅潮之間,Akashio Hall,
1944,紫水御神樂,Shisui Gokagura,
1945,乙太之光廣場,Kugane aetheryte plaza,
1946,潮風亭前,Shiokaze Hostelry,
1947,第一防波堤,Pier #1,
1948,拉札罕大使館前,Thavnairian Consulate,
1949,市場（小金街）,Kogane Dori markets,
1950,望海樓,Bokairo Inn,
1951,烏爾達哈商會館前,Ruby Bazaar,
1952,赤誠組營房南,Sekiseigumi Barracks,
1953,樂座街,Rakuza District,
1954,紅玉海方面,Ruby Price,
1955,乙太之光廣場,Rhalgr's Reach aetheryte plaza,
1956,神拳痕西,western Rhalgr's Reach,
1957,神拳痕東北,northeastern Rhalgr's Reach,
1958,基拉巴尼亞邊區方面,Fringes gate,
1959,基拉巴尼亞山區方面,Peaks gate,
1960,慘境號,<hex:021A020203>Misery<hex:021A020103>,
1961,亡靈岩場,Spae Rock,
1962,簡女士號,<hex:021A020203>Jane Guy<hex:021A020103>,
1963,獄長的娛樂場,Warden's Delight,
1964,被遺棄的監獄島,Isle of the Dead,
1965,克勞茨大燈塔,Glowering Krautz,
1966,二之丸御殿庭園,Ni-no-Maru Manor Gardens,
1967,溪泉園,Keisen Garden,
1968,本丸御殿,Hon-maru Manor,
1969,礁石地帶,Teeth,
1970,遇難船群,Whipjacks,
1971,天守武道館,Budokan Training Grounds,
1972,本丸天守閣,Hon-maru Tenshu,
1973,天守能樂堂,Noh Theater,
1974,二之丸,Ni-no-Maru,
1975,本丸,Hon-maru,
1976,戰士巴兒達木的獵場,Bardam's Hunt,
1977,勇猛巴兒達木的重生,Rebirth of Bardam the Brave,
1978,無聲的敘事者,Voiceless Muse,
1979,稚嫩巴兒達木的輕狂,Rise of Bardam the Brash,
1980,驕橫巴兒達木的落難,Fall of Bardam the Boastful,
1981,雄壯巴兒達木的光榮,Glory of Bardam the Bold,
1982,晨曦之試煉,Dawn Trial,
1983,暮暉之試煉,Dusk Trial,
1984,勇猛巴兒達木的偉業,Triumph of Bardam the Brave,
1985,第三兵器庫,Third Armory,
1986,練兵場,Training Grounds,
1987,赤燕之間,Hall of the Scarlet Swallow,
1988,二之曲輪,Ni-no-Kuruwa,
1989,一之曲輪,Ichi-no-Kuruwa,
1990,多瑪城天守閣,Tenshu,
1991,四柱大堂,Hall of the Four Pillars,
1992,運河入口,Canal Entrance,
1993,第一閘區,First Sluice,
1994,第二閘區,Second Sluice,
1995,第三閘區,Third Sluice,
1996,第四閘區,Fourth Sluice,
1997,第五閘區,Fifth Sluice,
1998,第六閘區,Sixth Sluice,
1999,最終閘區,Seventh Sluice,
2000,龍堡參天高地,Dravanian forelands,
2001,龍堡內陸低地,Dravanian hinterlands,
2002,翻雲霧海,Churning Mists,
2003,陸行鳥之森,Chocobo Forest,
2004,荒煙野地,Smoldering Wastes,
2005,唯一腦窟穴,Loth ast Gnath,
2006,阿瓦隆尼亞古陸,Avalonia Fallen,
2007,阿巴拉提亞山麓,Sohm Al foothills,
2008,徹悟岩窟,Mourn,
2009,薩雷安精製區,Makers' Quarter,
2010,薩雷安屯集區,Collectors' Quarter,
2011,薩雷安睿哲區,Ruling Quarter,
2012,索姆阿爾峰頂,Sohm Al summit,
2013,招惡荒島,Eil Tohm,
2014,人王遺跡,Landlord Colony,
2015,四臂廣場,Four Arms,
2016,豎骨島,Ohl Tahn,
2017,綠茵島,Greensward,
2018,尾羽集落,Tailfeather,
2019,悲嘆飛泉,Hundred Throes,
2020,寬慰河,Whilom River,
2021,自由腦窟穴,Loth ast Vath,
2022,邪龍雕像,Stained One,
2023,兵站窟,Thriphive,
2024,武神窟,Gynehive,
2025,不潔三塔,Anyx Trine,
2026,,,
2027,龍人路,Danneroad,
2028,哀思洞窟,Ehs Daih,
2029,餌食臺地,Iron Feast,
2030,光輪祭壇,Halo,
2031,索姆阿爾靈峰,Sohm Al,
2032,宗匠大工房,Arkhitekton,
2033,創造之路,Paths of Creation,
2034,聖茉夏娜植物園,Saint Mocianne's Arboretum,
2035,湍流三角地,Quickspill Delta,
2036,瑪托雅的洞穴,Matoya's Cave,
2037,碩學之路,Path of Knowing,
2038,迦巴勒幻想圖書館,Great Gubal Library,
2039,沙利亞克河,Thaliak River,
2040,知識神水瓶,Tipped Ewer,
2041,亞歷山大機神城,Alexander,
2042,莫古利之家,Moghome,
2043,書信之家,House of Letters,
2044,休島園,Monsterie,
2045,贖罪天廊,Asah,
2046,天極白堊宮,Zenith,
2047,飛龍港,Rookery,
2048,惋惜之晶遺跡,Tharl Oom Khash,
2049,東方眼目,Easton Eyes,
2050,龍巢神殿,Aery,
2051,聖女希瓦像,Mother of the Sheave,
2052,薩雷安治學區,Answering Quarter,
2053,悄聲小道,Hissing Cobbles,
2054,バックブリッジ,Buckbridge,
2055,美夏醒言遺跡,Mare's Oath,
2056,,,
2057,,,
2058,,,
2059,,,
2060,,,
2061,不潔村落,Anyx Minor,
2062,,,
2063,,,
2064,不潔古像,Anyx Old,
2065,小刀石柱群,Daggers,
2066,先賢偉業紀念碑,Cenotaph,
2067,遊擊野營地,Bigwest Shortstop,
2068,奧恩原生林,Orn Wild,
2069,沉思之路,Paths of Contemplation,
2070,阿思瓏遺跡,Asulon,
2071,,,
2072,,,
2073,確信之路,Path of Conviction,
2074,迦巴勒山,Mt. Gubal,
2075,孤零零的樹,Lonely,
2076,祈願林,Gron Rhei,
2077,最高大的樹,Old Father,
2078,南方牆壁,Sothton Walls,
2079,西方水泉,Weston Waters,
2080,人王像,Lost Landlord,
2081,武神鬥技場,Thok ast Thok,
2082,田園郡,Idyllshire,
2083,供奉洞,sacrificial chamber,
2084,封面橋,Frontbridge,
2085,封底橋,Backbridge,
2086,先賢偉業紀念碑,Cenotaph,
2087,乙太之光廣場,Idyllshire aetheryte plaza,
2088,顛倒塔,Antitower,
2089,望海天石,"Stone, Sky, Sea",
2090,憶罪宮,Sohr Khai,
2091,迦巴勒幻想圖書館（秘本寶庫）,Great Gubal Library (Hard),
2092,斯提克奇克斯工房,Stickqix's Bangpots,
2093,羅薇娜綜合文化會館,Rowena's Center for Cultural Promotion,
2094,自由市場,Freewalks Roundspot,
2095,憶念廣場,Bahrr Lehs,
2096,崖畔亭,Hard Place,
2097,蝸牛廣場,Snail,
2098,綠地菜園,Greengrub Mudplots,
2099,距骨研究所,Astragalos,
2100,阿巴拉提亞雲海,Sea of Clouds,
2101,魔大陸阿濟茲拉,Azys Lla,
2102,雲頂,Cloudtop,
2103,沃仙曦染,Voor Sian Siran,
2104,溫杜屬本杜集落,Vundu Ok' Bendu,
2105,藍天窗,Blue Window,
2106,試煉群島,Gauntlet,
2107,瓦納溫杜集落,Ok' Vundu Vana,
2108,莫克溫杜集落,Ok' Vundu Mok,
2109,阿爾法管區,Alpha Quadrant,
2110,貝塔管區,Beta Quadrant,
2111,伽馬管區,Gamma Quadrant,
2112,德爾塔管區,Delta Quadrant,
2113,生態園,Habisphere,
2114,阿濟茲拉旗艦島,Flagship,
2115,捍衛者號,Protector,
2116,雲頂營地,Camp Cloudtop,
2117,玫瑰園,Rosehouse,
2118,袞杜集落,Ok' Gundu,
2119,候鳥雲巢,Nidifice,
2120,雲水塘,Eddies,
2121,強本杜的房屋,Hearth of the Mighty Bendu,
2122,白鯨頭冠,Whale's Crown,
2123,尊杜集落,Ok' Zundu,
2124,溫杜集落,Ok' Vundu,
2125,落羽大房,Hall of the Fallen Plume,
2126,曲石祭壇,Cromlech,
2127,亨格坩堝,Hengr's Crucible,
2128,寒風島,Coldwind,
2129,魔窟離島,Mok Oogl Island,
2130,不獲島,Neverreap,
2131,螺旋港,Helix,
2132,阿爾法通訊塔,Alpha Comm Beacon,
2133,乙太供應陣列,Aetheroconductor Array,
2134,第二傳送環,Matter Conduit II-III,
2135,第三傳送環,Matter Conduit III-II,
2136,生體培養局,Biomass Incubation Complex,
2137,人工誘變所,Mutagenesis,
2138,第四傳送環,Matter Conduit IV-V,
2139,第五傳送環,Matter Conduit V-IV,
2140,飛空戰艦格拉提翁號,<hex:021A020203>Gration<hex:021A020103>,
2141,飛空戰艦裝卸點,Dreadnaught Landing,
2142,帝國索魯斯堡,Castrum Solus,
2143,第六傳送環,Matter Conduit VI-VII,
2144,第七傳送環,Matter Conduit VII-VI,
2145,對偶處刑臺,Antithesis,
2146,愚神臺,Esh Thom,
2147,魔科學研究所,Aetherochemical Research Facility,
2148,無限迴廊,Fractal Continuum,
2149,拘束倉,Neurolink Nacelle,
2150,奇點反應堆,Singularity Reactor,
2151,無盡蒼空,Limitless Blue,
2152,危步臺,Last Step,
2153,牧牛臺,Wisent Herd,
2154,霧散瀑布,Disappearing Falls,
2155,,,
2156,明日粉團,Morrowmotes,
2157,,,
2158,,,
2159,破碎脊骨,Shattered Back,
2160,起源島,Provenance,
2161,水晶增殖爐,Centrifugal Crystal Engine,
2162,綜合冷卻局,Cooling Station,
2163,,,
2164,重組實驗室,Recombination Labs,
2165,,,
2166,生態園管理局,Habisphere Control,
2167,,,
2168,,,
2169,,,
2170,古代大教堂,Cathedral,
2171,,,
2172,德爾塔水務局,Aqueduct,
2173,冠毛大樹,Pappus Tree,
2174,三鬪神巨像,Warring Triad,
2175,隔離實驗島,Quarantine Block,
2176,機動補給艦,Mobile Supply Cache,
2177,超星際通訊塔,Hyperstellar Downconverter,
2178,奇點反應堆,Singularity Reactor,
2179,魔大陸中樞,central Azys Lla,
2180,殘骸島,Last Remnant,
2181,魔航船虛無方舟,Void Ark,
2182,船尾樓甲板,sterncastle deck,
2183,後甲板,quarter deck,
2184,左舷換氣區,port ventilation,
2185,優良種保管庫,orlop deck,
2186,船內魔路,conveyance unit,
2187,動力區,engine deck,
2188,主妖異動力爐,main void engine,
2189,雲海獸巢,Beast,
2190,左舷後部換氣室,forward port ventilator,
2191,左舷前部換氣室,aft port ventilator,
2192,改良種培養室,modification cell,
2193,中央魔路,central conveyance unit,
2194,動力轉魔場,conversion chamber,
2195,女王臥室,queen's bedchamber,
2196,上甲板,upper deck,
2197,船艙,hold,
2198,船首樓,fo'c'sle,
2199,第二甲板,midship deck,
2200,庫爾札斯西部高地,Coerthas western highlands,
2201,交匯河,Riversmeet,
2202,雙子池,Twinpools,
2203,紅沿,Red Rim,
2204,隼巢,Falcon's Nest,
2205,庫爾札斯河,Coerthas River,
2206,奔流江,Swiftrun River,
2207,戈爾加涅牧場,Gorgagne Mills,
2208,鐵杉村,Hemlock,
2209,交匯河營地,Camp Riversmeet,
2210,災禍池,Banepool,
2211,灰燼池,Ashpool,
2212,臥龍島,Dreaming Dragon,
2213,大腳雪人居所,Bed of Bones,
2214,暮衛塔,Dusk Vigil,
2215,征龍像,Pike,
2216,金砧塔,Anvil,
2217,灰尾瀑布,Greytail Falls,
2218,異端者坑道,Warrens,
2219,板岩連峰,Slate Mountains,
2220,聖菲內雅連隊露營地,Convictory,
2221,黑鐵大橋,Black Iron Bridge,
2222,第九錫杖,Ninth Vare,
2223,戈爾加涅牧草地,Gorgagne Holding,
2224,北星號,North Star,
2225,填絮碼頭,Oakum Landing,
2226,,,
2227,龍涎,Dragonspit,
2228,守望者,Watcher,
2229,,,
2230,,,
2231,,,
2232,,,
2233,,,
2234,,,
2235,,,
2236,,,
2237,槍峽門,Lancegate,
2238,呼喊岩,summoning stone,
2239,船尾迴廊,sterncastle,
2240,西風島,Ok' Gundu Nakki,
2241,西北空域,northwestern pavilion,
2242,東北空域,northeastern pavilion,
2243,西南空域,southwestern pavilion,
2244,東南空域,southeastern pavilion,
2245,雲上王冠,Crown Jewel,
2246,第六著陸點,landing site 06,
2247,第七著陸點,landing site 07,
2248,第八著陸點,landing site 08,
2249,第九著陸點,landing site 09,
2250,第一著陸點,landing site 01,
2251,第二著陸點,landing site 02,
2252,第三著陸點,landing site 03,
2253,第四著陸點,landing site 04,
2254,第五著陸點,landing site 05,
2255,恩惠號,<hex:021A020203>Bounty<hex:021A020103>,
2256,抑制絕境S1T7,Containment Bay S1T7,
2257,雲冠湧泉,Diadem skysprings,
2258,雲冠洞穴,Diadem grotto,
2259,雲冠西南池,southern Diadem lake,
2260,雲冠魚洞,secluded Diadem pond,
2261,雲冠西北池,northern Diadem lake,
2262,狂風雲海,blustery cloudtop,
2263,無風雲海,calm cloudtop,
2264,旋風雲海,swirling cloudtop,
2265,抑制絕境P1T6,Containment Bay P1T6,
2266,抑制絕境Z1T9,Containment Bay Z1T9,
2267,漂流遺跡,Missing Gem,
2268,乙太洞,aetherial gap,
2269,漂流遺跡的魔導通路,Mhachi portal,
2270,白銀鄉個人房間,private chambers - Shirogane,
2271,白銀鄉部隊工房,company workshop - Shirogane,
2272,紅梅御殿大廳,Kobai Goten apartment lobby,
2273,紅梅御殿房間,Kobai Goten apartment,
2274,登陸點,landing point,
2275,第二登陸點,Point II,
2276,第三登陸點,Point III,
2277,臨時據點,temporary camp,
2278,德爾塔幻境,Deltascape,
2279,次元城,Dimension Castle,
2280,次元城地下牢獄,Dungeons,
2281,次元城大殿,Audience Chamber,
2282,次元城屋頂,Parapet,
2283,市場（藍玉大街國際市場）,Sapphire Avenue Exchange,
2284,時空狹縫,Interdimensional Rift,
2285,安茲海爾姆大道,Anshelm March,
2286,阿拉米格貴族街,Noble District,
2287,阿拉米格王宮庭園,Palace Gardens,
2288,阿拉米格王宮深處,Palace Shadows,
2289,破壞神之門,Rhalgr's Gate,
2290,亞希納臨時實驗場,Chamber of Knowledge,
2291,獅鷲之間,Hall of the Griffin,
2292,阿拉米格,Ala Mhigo,
2293,阿拉米格人居住區,Mercantile District,
2294,阿拉米格王宮,Royal Palace,
2295,寶物殿,Blessed Treasury,
2296,超越技術研究所,Resonatorium,
2297,妖歌海,Sirensong Sea,
2298,黃金閣,Kugane Castle,
2299,美神地下神殿,Emanation,
2300,伊修加德基礎層,Foundation,
2301,伊修加德砥柱層,Pillars,
2302,聖徒門,Arc of the Worthy,
2303,乙太之光廣場,Ishgard aetheryte plaza,
2304,聖瓦勒魯瓦揚廣場,Saint Valeroyant's Forum,
2305,聖蕾內特廣場,Saint Reinette's Forum,
2306,聖瓦勒魯瓦揚大道,Saint Valeroyant's Way,
2307,清貧凱旋門,Arc of the Humble,
2308,戰女神的慈悲,Fury's Mercy,
2309,雲霧街,Brume,
2310,九霄雲舍,Cloud Nine,
2311,忘憂騎士亭,Forgotten Knight,
2312,神殿騎士團總部,Congregation of Our Knights Most Heavenly,
2313,輕羽鬥場,Lightfeather Proving Grounds,
2314,天鋼機工房,Skysteel Manufactory,
2315,陸行鳥欄,Chocobokeep,
2316,聖大鳥房,Holy Stables,
2317,寶杖大街,Jeweled Crozier,
2318,狄蘭達爾伯爵府,Durendaire Manor,
2319,艾因哈特伯爵府,Haillenarte Manor,
2320,福爾唐伯爵府,Fortemps Manor,
2321,澤梅爾伯爵府,Dzemael Manor,
2322,聖岡里奧爾占星院,Athenaeum Astrologicum,
2323,伊修加德飛艇坪,airship landing,
2324,博雷爾子爵府,Borel Manor,
2325,神聖裁判所,Supreme Sacred Tribunal of Halonic Inquisitory Doctrine,
2326,巨盾臺,Hoplon,
2327,伊修加德教皇廳,Vault,
2328,聖雷馬諾大聖堂,Saint Reymanaud's Cathedral,
2329,建國十二騎士像,Architects,
2330,終衛要塞,Last Vigil,
2331,尊貴凱旋門,Arc of the Venerable,
2332,伊甸小廣場,Edyn,
2333,西柱廊,West Colonnade,
2334,東柱廊,East Colonnade,
2335,神殿騎士團總騎士長室,Seat of the Lord Commander,
2336,決鬥裁判場,Ruling Chamber,
2337,聖恩達利姆神學院,Saint Endalim's Scholasticate,
2338,輕羽鬥場,Lightfeather Proving Grounds,
2339,天母寢宮地下祭壇,First Altar of Djanan Qhat,
2340,烏茲奈藏寶運河,Lost Canals of Uznair,
2341,白銀鄉,Shirogane,
2342,[擴建區]白銀鄉,Shirogane subdivision,
2343,猛禽左翼,Left Wing of Avis,
2344,猛禽右翼,Right Wing of Avis,
2345,猛禽脊背,Avis's Back,
2346,獵隼基地,Falcon Base,
2347,南獵隼塔,South Falcon Tower,
2348,北獵隼塔,North Falcon Tower,
2349,渡鴉基地,Raven Base,
2350,北渡鴉塔,North Raven Tower,
2351,南渡鴉塔,South Raven Tower,
2352,動力發生器,Generator,
2353,黃金港飛艇坪,airship landing,
2354,白帝竹林,Jade Stoa,
2355,第四登陸點,Point IV,
2356,良緣儀式,Valentione's Ceremony,
2357,德爾塔幻境1,Deltascape V1.0,
2358,德爾塔幻境2,Deltascape V2.0,
2359,德爾塔幻境3,Deltascape V3.0,
2360,德爾塔幻境4,Deltascape V4.0,
2361,鹽湖鐘乳洞,Lookback Cave,
2362,凱爾派的領地,Green Screams,
2363,聖堂區,Salvation,
2364,封閉的門扉,a Door Unopened,
2365,囚禁區,Condemnation,
2366,黃金堂,Golden Walls of Ruin,
2367,斯卡拉遺跡,Drowned City of Skalla,
2368,淺層,Shallows,
2369,深層,Depths,
2370,劇場艇初見號道具間,<hex:021A020203>Prima Vista<hex:021A020103> tiring room,
2371,劇場艇初見號艦橋,<hex:021A020203>Prima Vista<hex:021A020103> bridge,
2372,失落之都拉巴納斯塔,Royal City of Rabanastre,
2373,拉巴納斯塔廢墟,Charred Ruins,
2374,加蘭賽茲水路,Garamsythe Waterway,
2375,王都勒薩利亞,Royal City of Lesalia,
2376,達爾馬斯卡沙漠,Dalmasca Estersand,
2377,崩塌的橋,Crumbling Bridge,
2378,慕思魯市場,Muthru Bazaar,
2379,市區北部,North End,
2380,王宮前廣場,Palace Square,
2381,勒薩利亞圓庭遺跡,Lesalia Garden Ruins,
2382,勒薩利亞神殿遺跡,Lesalia Temple Ruins,
2383,水晶塔演習場,Crystal Tower training grounds,
2384,尖牙牢籠,Fang Cage,
2385,利爪牢籠,Claw Cage,
2386,獄之蓋火山口,Lid crater,
2387,獄之蓋熔岩湖,lava pool,
2388,鬼之門,Demonsgate,
2389,獄之蓋熔岩洞,lava tube,
2390,獄之釜,Furnace,
2391,醴泉神社神道,Reisen Temple road,
2392,醴泉神社,Reisen Temple,
2393,龜甲舞臺,Polished Shell,
2394,無限迴廊（瘋狂戰艦）,Fractal Continuum (Hard),
2395,兵器演示層,arsenal,
2396,管理維護層,maintenance deck,
2397,第八展示區,exhibit level VIII,
2398,啟動試驗室,Genesis Engine,
2399,艦尾結構群,rear complex,
2400,基拉巴尼亞,Gyr Abania,
2401,奧薩德,Othard,
2402,遠東之國,Hingashi,
2403,神拳痕,Rhalgr's Reach,
2404,黃金港,Kugane,
2405,？？？？,???,
2406,基拉巴尼亞邊區,Fringes,
2407,基拉巴尼亞山區,Peaks,
2408,基拉巴尼亞湖區,Lochs,
2409,紅玉海,Ruby Sea,
2410,延夏,Yanxia,
2411,太陽神草原,Azim Steppe,
2412,白銀鄉,Shirogane,
2413,望海樓,Bokairo Inn,
2414,優雷卡常風之地,Eureka Anemos,
2415,薩蓋特港,Port Surgate,
2416,爆殼灘,Squib Sands,
2417,碎心樹林,Heartbreak Holt,
2418,高樹果林,Orchard,
2419,瓦爾河流域,Val River Swale,
2420,新虛無洞,Newvoid,
2421,克勞澤庭園,Klauser's Peace,
2422,常風結晶脈,Anemos Seam,
2423,奇怪谷,Uncanny Valley,
2424,離景瀑布,Scape,
2425,蜂蜜酒愛好者的私密酒窖,Missing Sester,
2426,常風之心,Heart Ecru,
2427,克勞澤的觀測小屋,Klauser's Howe,
2428,原初自然史院分室,Early Natural History Society Observatory,
2429,廢棄的研究室,Abandoned Laboratory,
2430,邊緣瀑布,Marge,
2431,傳送技術管理室,Aethernet Control,
2432,十二神大聖堂特殊會場,Hall of Congress,
2433,車廂,freight car,
2434,魔列車車廂,Phantom Train passenger car,
2435,魔列車,Phantom Train,
2436,被風吹毀的小屋,windtorn cabin,
2437,岩燕廟,Swallow's Compass,
2438,無二江,One River,
2439,大龍山脈,Dairyu Chain,
2440,水脈之間,Heart of Water,
2441,地脈之間,Heart of Earth,
2442,風脈之間,Heart of Wind,
2443,龍脈之間,Heart of the Dragon,
2444,緩流之路,Timid Current,
2445,急流之路,Wrathful Current,
2446,大龍關門,Dragon's Mouth,
2447,玉聖祠,Serenity,
2448,大草原獵場,Great Hunt,
2449,禁絕幻想,Ultimacy,
2450,帝國河畔堡,Castrum Fluminis,
2451,黎鐸拉納大瀑布,Ridorana Cataract,
2452,大燈塔下部,Lower Lighthouse,
2453,大燈塔上部,Upper Lighthouse,
2454,機工都市高古,Clockwork City of Goug,
2455,封殺之層,Station of Banishment,
2456,悠久時光庭園,Echoes from Time's Garden,
2457,至頂旋廊,Spire Ravel,
2458,至頂封域,Spire's Bounds,
2459,至天步廊,Walk of Divine Ascent,
2460,吹拂異風的白色戰場,Cleft of Profaning Wind,
2461,高古鬥技場,Clockwork Coliseum,
2462,優雷卡恆冰之地,Eureka Pagos,
2463,冰點,Icepoint,
2464,松塔林,Cones,
2465,凝冰湖,Frozen Lake,
2466,瓦爾河谷,Val River Belly,
2467,熱泉,Hot Water,
2468,筆尖狹路,Brushtip Gap,
2469,傘菌岩,Agaric Rock,
2470,屍首監視臺,Corse Rise,
2471,結晶化實驗洞,Test Cavern 1-P,
2472,地熱研究室,Geothermal Studies,
2473,浮空研究分室,Gravitational Studies,
2474,伏隆德特別墅,Vlondette's Retreat,
2475,西緣崖,Western Edge,
2476,牛魔盆景,Bull's Pen,
2477,凍結瀑布,Frightened Falls,
2478,菌床洞,Moldbeds,
2479,東緣崖,Eastern Edge,
2480,冰華洞,Icebloom Cavern,
2481,地脈噴口,Fumarole,
2482,寒冰圓形劇場,Barren Arena,
2483,封閉聖塔黎鐸拉納大燈塔,Ridorana Lighthouse,
2484,聖茉夏娜植物園（污染庭園）,Saint Mocianne's Arboretum (Hard),
2485,烏茲奈藏寶運河神殿,Shifting Altars of Uznair,
2486,純白石場,Bleached Shelf,
2487,赫德提特的領地,Scorpion's Den,
2488,廢棄礦坑,imperial mineshaft,
2489,大沙蟲的通道,Bore,
2490,伽馬隔離區,Gamma Segregate,
2491,捨棄遺跡,forsaken ruins,
2492,遺燼大地,Blacklands,
2493,霧碟,Aspersory,
2494,白沙瀑布,Whitelick Falls,
2495,大沙蟲的遺骸,First Worm,
2496,獄之底,Hells' Kier,
2497,亡靈府邸鬧鬼莊園,Haunted Manor,
2498,貝拉哈迪亞遺跡風格運動設施,Fall of Belah'dia,
2499,黃金大橋,Kugane Ohashi,
2500,哈克卡勒河,Hak Khaal,
2501,防波堤,Kugane Piers,
2502,幻河上游,upper Mirage Creek,
2503,星導寺入口,Outer Fist,
2504,神拳痕,Rhalgr's Reach,
2505,白銀鄉,Shirogane,
2506,白銀水路,Silver Canal,
2507,多瑪飛地,Doman Enclave,
2508,,,
2509,,,
2510,蛇神大社,Wreath of Snakes,
2511,紅玉砲臺附近,Ruby Price depths,
2512,碧玉水附近,Tamamizu,
2513,翠水鄉附近,Sui–no–Sato,
2514,冒險號附近,<hex:021A020203>Adventure<hex:021A020103>,
2515,紫水宮附近,Shisui of the Violet Tides,
2516,小林丸附近,<hex:021A020203>Kobayashi Maru<hex:021A020103>,
2517,無二江底西南部,One River southwestern riverbeds,
2518,無二江底南部,One River southern riverbeds,
2519,高速魔導驅逐艇L-XXIII附近,Imperial Hypersonic Assault Craft L-XXIII,
2520,沉沒江船附近,sunken junk,
2521,大龍瀑水底,Dragon's Struggle,
2522,太陽湖底西部,Azim Khaat western lakebed,
2523,太陽湖底東部,Azim Khaat eastern lakebed,
2524,鹽湖底西北部,Loch Seld northwestern lakebed,
2525,鹽湖底中央部,Loch Seld central lakebed,
2526,鹽湖底東南部,Loch Seld southeastern lakebed,
2527,尼姆浮游遺跡風格運動設施,Falling City of Nym,
2528,妖精領風格運動設施,Sylphstep,
2529,正統優雷卡,Eureka Orthos,
2530,優雷卡湧火之地,Eureka Pyros,
2531,北點,Northpoint,
2532,雪崩地,Flurry,
2533,冰針東北,northeastern Ice Needles,
2534,冰針西南,southwestern Ice Needles,
2535,歌詠冰洞,Cavern of the Second Cant,
2536,湧火炎洞,Bonfire,
2537,火岩溶洞西側,West Flamerock,
2538,火岩溶洞東側,East Flamerock,
2539,實驗魔器工房,Living Foundry,
2540,龍星觀測站,Dragon Star Observatory,
2541,耐熱實驗場,Firing Chamber,
2542,碳酸岩挖掘場,Carbonatite Quarry,
2543,薩蓋特別墅遺跡,Surgate Town House,
2544,嘲諷庭園,Garden of Despite,
2545,優雷卡豐水之地,Eureka Hydatos,
2546,乖僻之人的實驗場,Partisan's Proof,
2547,火焰鬥技場,Ring of Fire,
2548,天青鬥場,Blue Sky,
2549,曼德維爾魔導方城,Manderville Tables,
2550,時尚品鑒,Masked Rose,
2551,魔素融合器,magia melder,
2552,支援物資放置處,donation basket,
2553,成就大師,achievement exchange,
2554,退出點,exit,
2555,旅行莫古利,itinerant moogle,
2556,青魔法師,blue mage,
2557,起居室（旅館）,personal suite,
2558,中庸工藝館交易,Crystalline Mean,
2559,重建公告板,skybuilders' board,
2560,庫啵好運道,Kupo of Fortune,
2561,幻巧拼圖,Faux Hollows,
2562,綜合貿易店,Sundry Splendors,
2563,失傳技能保管箱,lost finds cache,
2564,講解員,Expedition Information,
2565,休息室（旅館）,andron,
2566,開拓無人島,island sanctuary,
2567,貢獻板,Starward Standings,
2568,宇宙好運道,Cosmic Fortune,
2569,宇宙研究,Cosmic Research,
2570,禁地優雷卡<hex:02100103>[特殊場景探索],"Forbidden Land, Eureka<hex:02100103>(Field Entry)",
2571,天佑女王<hex:02100103>[特殊場景探索],Save the Queen<hex:02100103>(Field Entry),
2572,死者宮殿<hex:02100103>[深層迷宮],Palace of the Dead<hex:02100103>(Dungeon Entry),
2573,天之御柱<hex:02100103>[深層迷宮],Heaven-on-High<hex:02100103>(Dungeon Entry),
2574,正統優雷卡<hex:02100103>[深層迷宮],Eureka Orthos<hex:02100103>(Dungeon Entry),
2575,希拉狄哈水道<hex:02100103>[特殊迷宮探索],Sil'dihn Subterrane<hex:02100103>(Dungeon Entry),
2576,六根山<hex:02100103>[特殊迷宮探索],Mount Rokkon<hex:02100103>(Dungeon Entry),
2577,阿羅阿羅島<hex:02100103>[特殊迷宮探索],,
2578,亞拉戈市場遺跡北側,Allagan markets north,
2579,亞拉戈市場遺跡南側,Allagan markets south,
2580,亞拉戈太陽神殿東側,Allagan sun temple east,
2581,亞拉戈太陽神殿西側,Allagan sun temple west,
2582,亞拉戈莊園遺跡南側,Allagan manors south,
2583,亞拉戈莊園遺跡北側,Allagan manors north,
2584,蜃景幻界新月島<hex:02100103>[特殊場景探索],Occult Crescent<hex:02100103>(Field Entry),
2585,朝聖交錯路<hex:02100103>[深層迷宮],Pilgrim's Traverse<hex:02100103>(Dungeon Entry),
2586,基姆利特暗區,Ghimlyt Dark,
2587,北傭兵基地,north mercenary base,
2588,南傭兵基地,south mercenary base,
2589,隱塞,Hidden Gorge,
2590,猛禽左翼,Left Wing of Avis,
2591,猛禽右翼,Right Wing of Avis,
2592,猛禽脊背,Avis's Back,
2593,獵隼基地,Falcon Base,
2594,南獵隼塔,North Falcon Tower,
2595,北獵隼塔,South Falcon Tower,
2596,渡鴉基地,Raven Base,
2597,北渡鴉塔,North Raven Tower,
2598,南渡鴉塔,South Raven Tower,
2599,載貨車站,loading station,
2600,東境混交林,East End,
2601,尖槍瀑布,Pike Falls,
2602,條紋丘,Striped Hills,
2603,無垢乾谷,Virdjala,
2604,林梢,Last Forest,
2605,紅銹岩山,Rustrock,
2606,白鬼岩山,Wightrock,
2607,約恩山,Mount Yorn,
2608,高岸,High Bank,
2609,鹽湖,Loch Seld,
2610,阿拉米格人居住區,Ala Mhigan Quarter,
2611,阿巴拉提亞龍頭,Abalathia's Skull,
2612,巴埃薩長城,Baelsar's Wall,
2613,帝國東方堡,Castrum Oriens,
2614,自由門,Liberty Gate,
2615,藥場水車,Bittermill,
2616,遮晨岩,Dark Morning Rise,
2617,提蒙河,Timmon Beck,
2618,奧溫酒窖,Owyn's Stash,
2619,死靈道,Wraithwalk,
2620,賢者樹,Percipient One,
2621,昏暗林,Dimwold,
2622,獵人小屋,Fletcher's Cabin,
2623,帝國夜鴉基地,Castellum Corvi,
2624,流星尾,Comet's Tail,
2625,迷悟橋,Pall of Clarity,
2626,威羅迪納河,Velodyna River,
2627,開宗堂,Schism,
2628,頓悟圓座,Circles of Answering,
2629,睡獅臺,Lion's Nap,
2630,幻河,Mirage Creek,
2631,幻我園,Gyr Kehim,
2632,威羅迪納基地,Castellum Velodyna,
2633,兄弟岩,Fraternity,
2634,對等石,Peering Stones,
2635,勇巢,Vira Nilya,
2636,善巢,Qalyana Nilya,
2637,天母寢宮,Djanan Qhat,
2638,愚昧之路,Qudhi Maga,
2639,真諦之路,Sathya Maga,
2640,呵欠洞,Yawn,
2641,啟程迴廊,Emprise,
2642,夫婦池,Grymm & Enid,
2643,拜隆糧場,Byron's Bread,
2644,赤紅神塔,Ziggurat,
2645,赤紅廚房,Carmine Kitchen,
2646,阿拉加納,Ala Gannha,
2647,慢水滌,The Slow Wash,
2648,石匠瀑布,Mason's Falls,
2649,石楠瀑布,Heather Falls,
2650,永潤路,Thirstless Path,
2651,藏淚丘,Hidden Tear,
2652,睡石礦場,Sleeping Stones,
2653,判官神像,Ephor,
2654,迷茫路,Whitherwander,
2655,剃刀連山,Razor Mountains,
2656,莫莫盧恩的母乳,Momoroon's Milk,
2657,利刃大旅舍遺跡,Goodblade,
2658,米里亞姆幸運路,Miriam's Luck,
2659,膽汁谷,Choler,
2660,阿拉基利,Ala Ghiri,
2661,劍鞘風洞,Scabbard,
2662,御制監望塔,Specula Imperatoris,
2663,贖罪之腕,Arms of Meed,
2664,紐恩克雷夫的方舟,<hex:021A020203>Nyunkrepf's Hope<hex:021A020103>,
2665,帝國白山堡,Castrum Abania,
2666,輻射村,Radiata,
2667,黑鐵大道,Ironroad,
2668,猛牛浴池,Bull's Bath,
2669,寒爐村,Coldhearth,
2670,天營門,Porta Praetoria,
2671,小桶砲群,Firkins,
2672,醉酒色鬼,Limber Lecher,
2673,半月谷,Demilune,
2674,望雲塔,Sothwatch,
2675,薩利僧院,Sali Monastery,
2676,聖物院,Monstrance,
2677,重擔之暗,Dark of Lasting Cumber,
2678,試煉披風,Cope,
2679,艾伊冠臺,Aenadem Ei,
2680,羅斯利特雲海,Rothlyt,
2681,貧民的金礦,Pauper's Lode,
2682,甜水,Sweetwater,
2683,柴堆村,Stacks,
2684,薪火塔,Pyre,
2685,鹽村,Saltery,
2686,望湖塔,Lochwatch,
2687,破壞神像,Destroyer,
2688,聖禮拜臺,Divine Audience,
2689,廢王像,Ruiner,
2690,白路橋,White Aisle,
2691,阿拉米格,Ala Mhigo,
2692,女王花園,Queen's Gardens,
2693,阿拉米格人居住區,Ala Mhigan Quarter,
2694,勇將門,Gylbarde's Gate,
2695,第四禁軍兵舍,Fourth Royal Casern,
2696,第三禁軍兵舍,Third Royal Casern,
2697,柯特石山,Cotter Tor,
2698,歐爾冠臺,Aenadem Ol,
2699,浸血墓地,Bloodhowe,
2700,彷徨之劍紀念碑,Tomb of the Errant Sword,
2701,安靈所,charnel parlor,
2702,列王之歌,Song of Kings,
2703,強健王之墓,Tomb of King Manfred,
2704,王家獵場,Royal Hunting Grounds,
2705,乙太之光廣場,Rhalgr's Reach aetheryte plaza,
2706,野戰醫院,Barber,
2707,星導寺,Temple of the Fist,
2708,阿拉米格王立飛空艇著陸場,Royal airship landing,
2709,阿拉米格王宮屋頂庭園,Royal Menagerie,
2710,破壞神像,Destroyer,
2711,血雨的訓誡,Bloodstorm,
2712,代價之墓,Recompense,
2713,落星池,Starfall,
2714,脈輪大瀑布,Chakra Falls,
2715,結晶化空間,Transparency,
2716,夢幻空間,Myth,
2717,西格瑪幻境1,Sigmascape V1.0,
2718,西格瑪幻境2,Sigmascape V2.0,
2719,西格瑪幻境3,Sigmascape V3.0,
2720,西格瑪幻境4,Sigmascape V4.0,
2721,迷幻森林,Phantom Forest,
2722,公館地下室,mansion cellar,
2723,瓦礫之塔中層,lower Tower of Ruin,
2724,瓦礫之塔頂層,upper Tower of Ruin,
2725,普西幻境1,Psiscape V1.0,
2726,過去的混沌神殿,Chaos Shrine,
2727,時空狹縫,Interdimensional Rift,
2728,最終檢測區,Final Verification,
2729,最終防線,Last Line,
2730,沃土寢室,Soil Bed,
2731,環境控制所,environmental control,
2732,第3淨化槽,purification tank C,
2733,第2淨化槽,purification tank B,
2734,第1淨化槽,purification tank A,
2735,污泥王謁見室,Kingsloam,
2736,普西幻境2,Psiscape V2.0,
2737,時空狹縫,Interdimensional Rift,
2738,龍星,Dragonstar,
2739,重現宇宙,Creation,
2740,第一防線,First Line,
2741,第二防線,Second Line,
2742,艾歐澤亞同盟軍大本營,Alliance Headquarters,
2743,同盟軍戰壕,Trenches,
2744,破亂的廣場,Field of Dust,
2745,飛空戰艦墜落點,crash site,
2746,硝煙荒野,Field of Soot,
2747,大爆炸痕跡,impact crater,
2748,灰燼荒野,Field of Ash,
2749,帝國臨時飛艇坪,provisional imperial landing,
2750,螺旋海峽,Rasen Kaikyo,
2751,奧薩德東岸,East Othard Coastline,
2752,玄水連山,Gensui Chain,
2753,無二江流域,Glittering Basin,
2754,七彩溪谷,Valley of the Fallen Rainbow,
2755,多瑪,Doma,
2756,刃海,Sea of Blades,
2757,昂薩哈凱爾,Onsal Hakair,
2758,擋風巨岩,Towering Still,
2759,月神沙漠北端,Nhaama's Retreat,
2760,紅玉砲臺,Ruby Price,
2761,境島,Barrier Isle,
2762,獄之蓋,Hells' Lid,
2763,蟹茹濱,Crab Pots,
2764,血流,Bleed,
2765,鬼王澡,Bathing Onio,
2766,酒杯島,Sakazuki,
2767,龜甲島,Isle of Bekko,
2768,龜甲噴泉,Turtle's Back,
2769,碧玉水,Tamamizu,
2770,珊瑚臺,Coral Banquet,
2771,沖之岩,Shoal Rock,
2772,翠水鄉,Sui-no-Sato,
2773,自凝島,Onokoro,
2774,痙攣寨,Crick,
2775,天之御柱,Heaven-on-High,
2776,萬年松,Ten-thousand-year Pine,
2777,快逃棧橋,Quickscape Pier,
2778,蒼玉海溝,Turquoise Trench,
2779,紫水宮,Shisui of the Violet Tides,
2780,冒險號,<hex:021A020203>Adventure<hex:021A020103>,
2781,小林丸,<hex:021A020203>Kobayashi Maru<hex:021A020103>,
2782,採貝洞,Saibai Cavern,
2783,鏡仙洞,Exile,
2784,石牡丹岩窟,Anemone Gardens,
2785,漁村,Isari,
2786,絕鬼島,Isle of Zekki,
2787,潛洞,Dive,
2788,富豪居,Air of the Opulent,
2789,醉蛙小屋,Drunken Toad,
2790,祖靈笑,Unseen Spirits Laughing,
2791,蒼鷺瀑布,Heron's Flight,
2792,蒼鷺河,Heron's Way,
2793,茨菰村,Namai,
2794,梅泉鄉,Plum Spring,
2795,無二江,One River,
2796,西龍鱗橋,Western Ryurin Bridge,
2797,東龍鱗橋,Eastern Ryurin Bridge,
2798,草刈家,Kusakari,
2799,帝國河畔堡,Castrum Fluminis,
2800,弓束官邸,Yuzuka Manor,
2801,岩燕廟,Swallow's Compass,
2802,大龍月門,Dairyu Moon Gates,
2803,青磷水保管所,Ceruleum Depot,
2804,高速魔導驅逐艇L-XXIII,Imperial Hypersonic Assault Craft L-XXIII,
2805,烈士庵,House of the Fierce,
2806,萬絲絛,Ribbons,
2807,七彩溝,Prism Lake,
2808,門前衛街,Monzen,
2809,城下碼頭,Mercantile Docks,
2810,多瑪王城,Doma Castle,
2811,踏裾橋,Coattails,
2812,大龍瀑,Dragon's Struggle,
2813,多瑪飛地,Doman Enclave,
2814,重逢集市,Reunion,
2815,拉其兒的失算,Ragill's Reckoning,
2816,懦夫吊橋,Path of the Craven,
2817,哈克卡勒河,Hak Khaal,
2818,拉伊卡勒河,Rai Khaal,
2819,涅木卡勒河,Nem Khaal,
2820,卡克兒衣樓,Kahkol Iloh,
2821,模兒衣樓,Mol Iloh,
2822,晨曦王座,Dawn Throne,
2823,太陽湖,Azim Khaat,
2824,兄長橋,Bridge of the High Rule Warriors,
2825,大地傷痕,Wound,
2826,蛇喉,Throttle,
2827,楔石洞,House of the Crooked Coin,
2828,塔奧卡勒河,Tao Khaal,
2829,升月高地,Moonrise,
2830,尾山山脈,Tail Mountains,
2831,通天山,Skypiercer,
2832,恰佳遺骨堂,Chakha Zoh,
2833,巴兒達木霸道,Bardam's Mettle,
2834,喬爾艾恩石環,Ceol Aen,
2835,維亞吉兒古巢,Uyagir Caves,
2836,百一啟示,Hundred-and-one Revelations,
2837,克累兒衣樓,Qerel Iloh,
2838,暮暉王座,Dusk Throne,
2839,亞特卡勒河,Yat Khaal,
2840,月神沙漠,Nhaama Desert,
2841,祝福之路,Blessed Passage,
2842,朵塔兒水洲,Dotharl Khaa,
2843,城下碼頭,Mercantile Docks,
2844,多瑪飛地碼頭,Doman Enclave Docks,
2845,茜雲棧橋碼頭,Akanegumo Bridge Docks,
2846,[擴建區]茜雲棧橋碼頭,Akanegumo Bridge Docks subdivision,
2847,歸燕館,Kienkan,
2848,車前會所,Shazenkai,
2849,乙太之光廣場,Doman Enclave aetheryte plaza,
2850,朵洛衣樓,Dhoro Iloh,
2851,終末焦土,Burn,
2852,百貨市場,Ten Thousand Stalls,
2853,匠人街,Yard,
2854,農耕地,Enclave Demesne,
2855,栗齋學堂,Rissai-juku,
2856,巡邏隊駐所,Enclave Barracks,
2857,瞭望塔,watchtower,
2858,無二庭園,One Garden,
2859,多瑪飛地南（栗齋學堂）,southern Enclave,
2860,多瑪飛地北（無二庭園/農耕地）,northern Enclave,
2861,無二江流域（延夏方面）,One River,
2862,艾歐澤亞同盟軍大本營,Eorzean Alliance Headquarters,
2863,加雷馬帝國軍天幕,Garlean Legion tents,
2864,樂慾之所甌博訥修道院,Orbonne Monastery,
2865,葛爾摩大密林,Golmore Jungle,
2866,甌博訥修道院,Orbonne Monastery,
2867,死都,Necrohol,
2868,密林圓場,Jungle's Plea,
2869,機工士的領域,Realm of the Machinists,
2870,聖騎士的領域,Realm of the Templars,
2871,無命街路,lifeless alley,
2872,雷神的領域,Realm of the Thunder God,
2873,水晶監獄,Crystalline Gaol,
2874,懺悔室,Confessional,
2875,古代鬥技場,Forgotten Arena,
2876,中點,Central Point,
2877,瓦爾河西岸,west Val River bank,
2878,瓦爾河源流,Val River source,
2879,瓦爾河東岸,east Val River bank,
2880,總部塔入口,headquarters entrance,
2881,兵武塔底層,Basement,
2882,兵武塔中層,Belly,
2883,兵武塔靈極層,Umbral Tier,
2884,兵武塔星極層,Astral Tier,
2885,兵武塔頂層,Loft,
2886,西部魔力橋腳,Western Columns,
2887,中央魔力橋腳,Central Columns,
2888,東部魔力橋腳,Eastern Columns,
2889,魔力橋基,Aetherbridge Foundation,
2890,水晶龍的領地,Crystal Dragon's Bloom,
2891,封印術研究樓遺跡,Unverified Research,
2892,毀壞的宿舍,dormitory,
2893,委員長辦公室,board room,
2894,入口,entranceway,
2895,烈焰金槍封印區,Orlasrach Containment Unit,
2896,紅頸妖槍封印區,Munderg Containment Unit,
2897,真·斬鐵劍封印區,Shin-Zantetsuken Containment Unit,
2898,美德之槍封印區,Lance of Virtue Containment Unit,
2899,奧茲瑪原型封印區,Proto Ozma Containment Unit,
2900,第二防波堤,Pier #2,
2901,樂座街,Rakuza District,
2902,小防波堤,Short Pier,
2903,小金街,Kogane Dori,
2904,第一防波堤,Pier #1,
2905,異人街,Ijin District,
2906,潮風亭,Shiokaze Hostelry,
2907,轉魂塔廣場,Tenkonto,
2908,海貓茶屋,Umineko Teahouse,
2909,瑞光像,Statue of Zuiko,
2910,望海樓,Bokairo Inn,
2911,望海泉,Bokaisen Hot Springs,
2912,松葉門外廣場,Matsuba Square,
2913,松葉門,Matsuba Gate,
2914,三條花街,Sanjo Hanamachi,
2915,赤誠組營房,Sekiseigumi Barracks,
2916,船庫,Ofunakura Shipwrights,
2917,無地鼓座,Mujikoza,
2918,三號倉庫,San-ban Kura,
2919,五號倉庫,Go-ban Kura,
2920,小鍛冶屋,Kokajiya,
2921,黃金船庫,Kugane Ofunakura,
2922,黑母衣丸,<hex:021A020203>Kuroboro Maru<hex:021A020103>,
2923,烏爾達哈商會館,Ruby Bazaar,
2924,樂水園,Rakusui Gardens,
2925,加雷馬帝國大使館,Garlean Consulate,
2926,拉札罕大使館,Thavnairian Consulate,
2927,烏爾達哈商會館接待室,Ruby Bazaar Offices,
2928,黃昏橋,Tasogare Bridge,
2929,第二防波堤碼頭,Pier #2 ferry docks,
2930,黃金港飛艇坪,airship landing,
2931,乙太之光廣場,Kugane aetheryte plaza,
2932,黃金大橋上的死鬥,Kugane Ohashi,
2933,艾瑪吉娜盃鬥技大會決賽,Dragon's Neck,
2934,碼頭,ferry docks,
2935,甘戈斯,Gangos,
2936,帕戈爾贊,Paglth'an,
2937,佐爾瑪刻,Zolm'ak,
2938,大平原,Boundless Plains,
2939,佐爾瑪刻祭場,gathering ring,
2940,蜥蜴圍欄,scalekin pen,
2941,黃昏庭園,Sunseat,
2942,邊境山谷,Valley of No One,
2943,佐爾瑪刻市區,Zolm'ak citadel,
2944,黃金平原,Gilded Sea,
2945,移動部落,drifting encampment,
2946,商客奇譚<hex:02100103>[特殊迷宮探索],<hex:021A020203>Merchant's Tale<hex:021A020103><hex:02100103>(Dungeon Entry),
2947,,,
2948,,,
2949,諾弗蘭特,Norvrandt,
2950,諾弗蘭特,Norvrandt,
2951,水晶都,Crystarium,
2952,游末邦,Eulmore,
2953,雷克蘭德,Lakeland,
2954,珂露西亞島,Kholusia,
2955,安穆·艾蘭,Amh Araeng,
2956,伊爾美格,Il Mheg,
2957,拉凱提卡大森林,Rak'tika Greatwood,
2958,黑風海,Tempest,
2959,秘密花園,Hidden Gardens,
2960,迷惘之森,Wanderlust,
2961,幻惑之湖,Dohn Toch,
2962,幻惑之城,Dohn Lran,
2963,微睡之泉,Teag Gye,
2964,扭絞大樹,Twisted Trunk,
2965,水妖浴場,Bathing Pools,
2966,格里奧勒的睡床,Atelier,
2967,水面大堂,Reflections,
2968,王冠之間,throne room,
2969,升天大廳,Hall of Ascension,
2970,冥界大空洞,Underworld,
2971,大改造區,Repurposement,
2972,崩壞的通道,Collapsed Passage,
2973,時空潛行裝置,Dimensional Brake,
2974,煉獄入口,Dark Invitation,
2975,改造據點,Repurposing,
2976,乙太觀測臺,Aetherial Observation,
2977,主動力乙太爐,Main Aether Furnace,
2978,時空潛行裝置中樞,Cornice,
2979,多恩美格禁園,Dohn Mheg,
2980,幻惑之園,Lran Mheg,
2981,幻惑之城,Dohn Lran,
2982,希爾科斯孿晶塔,Twinning,
2983,地下淺層,Shallow,
2984,地下深層,Deep,
2985,亞馬烏羅提,Amaurot,
2986,即將毀滅的國都,Fading Footsteps,
2987,即將毀滅的行星,Fading Hearth,
2988,看哪，那些獸被解放了出來,"And lo, vile beasts did rise",
2989,它們殺害世人、燒毀城鎮,Leaving naught in their wake but blood and ash.,
2990,這便是，第一之災難,Thus did the first doom befall us.,
2991,隨後，仍有兩場災難將到來,"It would not, however, prove the last.",
2992,我們的明天已化為餘燼,"For soon did the sun bend low, scorching earth and boiling seas.",
2993,這便是，第二之災難,Thus did the second doom break us.,
2994,毀滅猶如暗影迅速擴張,"Yet it was neither claw nor flame, but our very sins─",
2995,地上萬物皆無處可逃,"Stacked to the heavens where they took root, corrupting its halls─",
2996,這便是，第三之災難,Thus did the third doom undo us.,
2997,格魯格火山,Mt. Gulg,
2998,破損的山路,Perished Path,
2999,純白門,White Gate,
3000,光芒階梯,Winding Flare,
3001,大塔羅斯的脊背,Spine of the Talos,
3002,大塔羅斯的右臂,Arm of the Talos,
3003,漂白的山路,Pallid Path,
3004,篡改的山路,Permuted Path,
3005,下層,Rise Above,
3006,上層,Cant Below,
3007,阿尼德羅學院,Akadaemia Anyder,
3008,水生生物創造場,Ichthyology,
3009,草木生物創造場,Phytobiology,
3010,幻想生物創造場,Phantomology,
3011,學院正門,Main Gate,
3012,米特隆院,Words of Mitron,
3013,哈爾馬魯特院,Words of Halmarut,
3014,拉哈布雷亞院,Words of Lahabrea,
3015,室內,Halls,
3016,屋頂,Rooftop,
3017,差分閉合宇宙,liminal space,
3018,奇坦那神影洞,Qitana Ravel,
3019,奇塔利的責問,Qitari Dissent,
3020,神前石門,Divine Threshold,
3021,伊奇絲洛克瓦之睡床,Night of Yx'Lokwa,
3022,伊奇絲安帕之神淚,Tears of the Gods,
3023,映照神影之洞窟,Shadowed Hollow,
3024,奧奇斯恰爾之舞場,Leap of Ox'Charl,
3025,拉凱提卡大飛流,Rak'tika Falls,
3026,奧奇斯加托爾之祭壇,Song of Ox'Gatorl,
3027,偽造的宮殿,False Prayer,
3028,馬利卡大井,Malikah's Well,
3029,軌道車站,Terminus,
3030,馬利卡水源,Malikah's Gift,
3031,無償離宮,Unquestioned Acceptance,
3032,赤紅水殿,Jasper Walls,
3033,翠綠坑道,Jade Paths,
3034,青藍水脈,Turquoise Currents,
3035,漂白的洞穴,Blanch,
3036,迷途羊倌之森,Forest of the Lost Shepherd,
3037,水晶公之門,Exarch Gate,
3038,風化大地,Weathering,
3039,始源湖,Source,
3040,射孔,Embrasure,
3041,追隨者之門,Accensor Gate,
3042,束帶路,Belt,
3043,千山,Chiliad,
3044,喬布要塞,Fort Jobb,
3045,光耀教會,Church of the First Light,
3046,石橋,Bridges,
3047,拉迪斯卡瞭望塔,Radisca's Round,
3048,止步堡壘,Stay,
3049,北方集合地,Northern Staging Point,
3050,水灘村,Holminster Switch,
3051,清融街,Clearmelt,
3052,無垢之證,Inviolate Witness,
3053,拉克汕城,Laxan Loft,
3054,自縊塔,Hanging Tower,
3055,三重生大廳,Hall of the Thrice Born,
3056,巨人的兔窩,Hare Among Giants,
3057,奧斯塔爾嚴命城,Ostall Imperative,
3058,豺狼影府,Wolves of Shadow,
3059,陰沉鄉,Sullen,
3060,雜草島,Weed,
3061,磚土島,Brick,
3062,疙瘩島,Knot,
3063,波浪島,Lap,
3064,濕鞋棧橋,Dampsole,
3065,責罰監獄,Hour of Certain Durance,
3066,銹鎖街,Mortal Irons,
3067,不渴岸灘,Thirstless Shore,
3068,賢島,Isle of Ken,
3069,裸岩,Naked Rock,
3070,光明崖,Bright Cliff,
3071,落影崖,Shadow Fault,
3072,碎石山地,Scree,
3073,侏儒山脈,Duergar Mountains,
3074,碎貝海岸,Cracked Shell Beach,
3075,滯潮村,Stilltide,
3076,漏洞小舟亭,Leaky Keel,
3077,總督田地,Governor's Row,
3078,白油瀑布,White Oil Falls,
3079,格瑞里豬欄,Greely Sties,
3080,緩慢道,Slowroad,
3081,南渡橋,Southern Crossing,
3082,格瑞里大橋,Greely Bridge,
3083,沃茨河下游,lower Watts River,
3084,怪人小屋,Codger's Crook,
3085,門前區,Gatetown,
3086,歡迎門,Open Arms,
3087,鯨角,Whale's Breach,
3088,鑿岩門,Chisel,
3089,擊木燈塔,Clave,
3090,觀海塔,Seagazer,
3091,觀石塔,Stonegazer,
3092,溫蒙特造船廠,Venmont Yards,
3093,損艦角,Split Hull,
3094,工匠村,Wright,
3095,蠟封牧場,Wax Seal Mills,
3096,柔風海灣,Whisperwind Cove,
3097,梯底,Bottom Rung,
3098,大升降機,Ladder,
3099,山包島,Barrow Isle,
3100,刺舌滴,Sharptongue Drip,
3101,大海女兒的舞場,Lawns,
3102,梯頂,Top Rung,
3103,友好村,Amity,
3104,八號坑口,Pit 8,
3105,圖姆拉村,Tomra,
3106,迅速道,Quick Way,
3107,南琥珀丘,Southern Hills of Amber,
3108,沃茨河上游,upper Watts River,
3109,碎煮夜梟橋,Boiled Owl Bridge,
3110,煙管橋,Flue Bridge,
3111,古姆拉村,Komra,
3112,侏儒煙囪,Duergar's Tewel,
3113,矮人洞窟,Dwarven Hollows,
3114,沙爾北城,Qasr Sharl,
3115,琥珀原,Fields of Amber,
3116,北琥珀丘,Northern Hills of Amber,
3117,中琥珀丘,Central Hills of Amber,
3118,廢都拿巴示艾蘭,Nabaath Areng,
3119,紅店野營地,Red Serai,
3120,沙河,River of Sand,
3121,薩邁爾脊骨,Samiel's Backbone,
3122,鼴靈集市,Mord Souq,
3123,帽之塔,Rack,
3124,手之風車,Our Ladies' Hands,
3125,腳之風車,Our Ladies' Feet,
3126,眼之塔,Pitch,
3127,鼻之塔,Snitch,
3128,須之塔,Twitch,
3129,上路客店,Inn at Journey's Head,
3130,鐵架塔,Derrick,
3131,拿巴示斷絕,Nabaath Severance,
3132,比朗大礦山,Mount Biran Mines,
3133,迦利克村,Garik,
3134,尾之道,Dragging Tail,
3135,絡尾聚落,Twine,
3136,凱爾克遺跡,Kelk,
3137,索道礦車站,lift station,
3138,努貝依舊礦山,Nuvy's Leavings,
3139,馬利卡大井,Malikah's Well,
3140,水站,Ladle,
3141,索道礦車站,lift station,
3142,安穆馬利克新宮殿,Pristine Palace of Amh Malik,
3143,空無大地,Empty,
3144,桃色睡床,Timh Gyeus,
3145,身鏡湖,Longmirror Lake,
3146,孚布特堡,Voeburtenburg,
3147,群花館,Lydha Lran,
3148,群樹館,Phisor Lran,
3149,多恩美格禁園,Dohn Mheg,
3150,篤學者莊園,Bookman's Shelves,
3151,手鏡湖,Handmirror Lake,
3152,優雅館,Thysm Lran,
3153,沉沒教會,House of the First Light,
3154,魚群鎮,Deepwood Swim,
3155,傑娜娜寬容道,Good Jenanna's Grace,
3156,普拉恩尼茸洞,Pla Enni,
3157,雲村,Wolekdorf,
3158,六子淺灘,Sextuplet Shallow,
3159,達穆倫巡禮教會遺跡,Church at Dammroen Field,
3160,科拉德菌床,Father Collard's Chambers,
3161,聖法斯里克天庭,Saint Fathric's Temple,
3162,安登小羊圈,Anden's Airs,
3163,艾雅拉登城橋,Old Earra Bridge,
3164,夢羽城,Lyhe Ghiah,
3165,希秋亞濕原,Citia Swamps,
3166,蛇水湖,Lake Tusi Mek'ta,
3167,伊奇絲瑪雅艾禁林,Blind Forest of Yx'Maja,
3168,星墓塔遺跡群,K'mul Astropolis,
3169,戈恩要塞,Fort Gohn,
3170,蛇行枝,Slitherbough,
3171,至暗所,Darker,
3172,書著者樹洞,Cleric,
3173,洛查特爾大階梯,Lozatl's Conquest,
3174,結誓洞窟,Woven Oath,
3175,阿絲塔蒂亞的胞宮,Womb,
3176,水蛇寶卵,Fruit of the Protector,
3177,破裂卵殼,Husk,
3178,朵瓦特里沉沒神殿,Covered Halls of Dwatl,
3179,法諾村,Fanow,
3180,休憩廣場,Sleepaway Common,
3181,野園,Wild Fete,
3182,射手露宿地,Bowrest,
3183,繆櫟的鄉愁,Mjrl's Regret,
3184,風渦,windmire,
3185,四晨星,Morning Stars,
3186,奧奇斯加托爾之星墓,Ox'Gatorl Mul,
3187,伊奇絲洛克瓦之星墓,Yx'Lokwa Mul,
3188,奧奇斯恰爾之星墓,Ox'Charl Mul,
3189,伊奇絲安帕之星墓,Yx'Anpa Mul,
3190,萬神大星墓,Great Pyramid of Ux'ner,
3191,大圖帕薩禮拜堂,Confessional of Toupasa the Elder,
3192,諾弗蘭特大陸坡,Norvrandt Slope,
3193,卡利班深海峽,Caliban Gorge,
3194,亞馬烏羅提,Amaurot,
3195,鰭人潮池,Ondo Cups,
3196,鰨沙地窖,Flounders' Floor,
3197,奇人工作室,Workbench,
3198,珍珠沙壺,Crock of Pearls,
3199,陸人墓標,Where the Dry Return,
3200,無主遺跡,Walls of the Forgotten,
3201,尊紫洞,Purpure,
3202,卡利班古巢,Caliban Gap,
3203,阿科拉塔,Achora Heights,
3204,波利來賴塔官廳區,Polyleritae District,
3205,馬克連薩斯廣場,Macarenses Angle,
3206,人民辯論館,Hall of Rhetoric,
3207,創造管理局,Bureau of the Architect,
3208,人民行政局,Bureau of the Administrator,
3209,人民秘書局,Bureau of the Secretariat,
3210,國會議事堂,Capitol,
3211,第一之災難,First Doom,
3212,第二之災難,Second Doom,
3213,第三之災難,Third Doom,
3214,伊甸內核,Core,
3215,伊甸甲板,Halo,
3216,涅柔斯海淵,Nereus Trench,
3217,阿特拉斯山頂,Atlas Peak,
3218,妖靈王舞場,Dancing Plague,
3219,完璧王座,Crown of the Immaculate,
3220,末日亞馬烏羅提,Dying Gasp,
3221,希爾科斯峽谷,Syrcus Trench,
3222,懸掛公館起居室,Pendants personal suite,
3223,觀星室,Ocular,
3224,聖殿堂,Sanctuary,
3225,空無大地,Empty,
3226,拿巴示礦山,Nabaath Mines,
3227,隆卡遺跡,Ronkan Reflections,
3228,大圖帕薩禮拜堂,Confessional of Toupasa the Elder,
3229,夢羽寶境,Dungeons of Lyhe Ghiah,
3230,入口,Point of No Return,
3231,第一區,1st Chamber,
3232,第二區,2nd Chamber,
3233,第三區,3rd Chamber,
3234,第四區,4th Chamber,
3235,最終區,Condemnation,
3236,圓頂區,Rotunda,
3237,天頂區,Baldaquin,
3238,三藝區,Trivium,
3239,四藝區,Quadrivium,
3240,密鋪鐵橋,Tessellation,
3241,乙太之光廣場,Crystarium aetheryte plaza,
3242,露天席大廣場,Exedra,
3243,深慮室,Umbilicus,
3244,幔布門,Dossal Gate,
3245,希爾科斯塔水晶塔,Syrcus Tower,
3246,聖林牧場,Temenos Rookery,
3247,阿馬羅棧橋,Amaro Launch,
3248,中庸工藝館,Crystalline Mean,
3249,煉金醫療館,Spagyrics,
3250,彈道軍武館,Ballistics,
3251,博物陳列館,Cabinet of Curiosity,
3252,自由辯論館,Whispering Gallery,
3253,作物園藝館,Hortorium,
3254,宇宙和音,Musica Universalis,
3255,彷徨階梯亭,Wandering Stairs,
3256,懸鏈公館,Catenaries,
3257,甜濾果樹園,Sweetsieve,
3258,廢船街,Derelicts,
3259,樹根層,Buttress,
3260,樹幹層,Understory,
3261,樹梢層,Canopy,
3262,樹葉層,Emergent,
3263,光榮門,Glory Gate,
3264,腐臭花園,Nightsoil Pots,
3265,喜悅大堂,Joyous Hall,
3266,入國審查局,Bureau of Immigration,
3267,移民登記局,Bureau of Registration,
3268,洗濯室,Delousery,
3269,一號交易辦公室,Customs Office A-1,
3270,二號交易辦公室,Customs Office A-2,
3271,交易倉庫,Customs Hold,
3272,木質梯,Xylem Lift,
3273,游末邦軍總司令部,Eulmoran Army Headquarters,
3274,承重柱,Mainstay,
3275,乙太之光廣場,Eulmore aetheryte plaza,
3276,貴婦會客廳,Grand Dame's Parlor,
3277,蜂箱夜總會,Beehive,
3278,樹冠梯,Crown Lift,
3279,巡天路,Skyfront,
3280,元首辦公室,Offer,
3281,紫黑森林,Bruise,
3282,青煙牧場,blackened meadow,
3283,焦熱村落,burning village,
3284,紫黑裂痕,Wound,
3285,家畜賣場,Auction,
3286,燃燒路口,fiery crossroad,
3287,領主府前院,manor house courtyard,
3288,懸掛公館,Pendants,
3289,三藝區,Trivium,
3290,四藝區,Quadrivium,
3291,水晶都起居室,Crystarium Personal Suites,
3292,風化裂痕,Rift of Sighs,
3293,銹跡貯水池,rusted reservoir,
3294,始源湖,Source,
3295,陰沉鄉,Sullen,
3296,賢島,Isle of Ken,
3297,沃茨河上游,upper Watts River,
3298,白油瀑布,White Oil Falls,
3299,沃茨河下游,lower Watts River,
3300,刺舌滴,Sharptongue Drip,
3301,珂露西亞島西海岸,western Kholusian coast,
3302,觀海灣,Seagazer Shoals,
3303,珂露西亞島東海岸,eastern Kholusian coast,
3304,廢船街,Derelicts,
3305,沙河,River of Sand,
3306,拿巴示斷絕,Nabaath Severance,
3307,琥珀丘,Hills of Amber,
3308,手鏡湖,Handmirror Lake,
3309,身鏡湖,Longmirror Lake,
3310,傲慢的年長溪流,Haughty One,
3311,嫉妒的年少溪流,Jealous One,
3312,寵壞的年幼溪流,Spoiled One,
3313,聖法斯里克天庭,Saint Fathric's Temple,
3314,科拉德排水溝,Father Collard's Failings,
3315,蛇水湖,Lake Tusi Mek'ta,
3316,血盅,Red Chalice,
3317,洛查特爾河,Lozatl,
3318,繆櫟的鄉愁南部,south Mjrl's Regret,
3319,結誓洞窟,Woven Oath,
3320,鰨沙地窖,Flounders' Floor,
3321,陸人墓標,Where the Dry Return,
3322,卡利班深海峽西北,northwest Caliban Gorge,
3323,卡利班古巢西,west Caliban Gap,
3324,卡利班古巢東,east Caliban Gap,
3325,尊紫洞,Purpure,
3326,諾弗蘭特大陸坡,Norvrandt Slope,
3327,乙太之光廣場,Crystarium Aetheryte Plaza,
3328,宇宙和音市場,Musica Universalis markets,
3329,聖林牧場,Temenos Rookery,
3330,幔布門前（觀星室）,Dossal Gate,
3331,懸掛公館前,Pendants,
3332,阿馬羅棧橋前,Amaro Launch,
3333,中庸工藝館前,Crystalline Mean,
3334,博物陳列館前,Cabinet of Curiosity,
3335,密鋪鐵橋（雷克蘭德方面）,Tessellation (Lakeland),
3336,乙太之光廣場,Eulmore Aetheryte Plaza,
3337,廢船街東南,southeast Derelicts,
3338,承重柱,Mainstay,
3339,腐臭花園,Nightsoil Pots,
3340,光榮門,Glory Gate,
3341,始源湖東北,northeast Source,
3342,賢島,Isle of Ken,
3343,始源湖東南,southeast Source,
3344,夢羽城北,north Lyhe Ghiah,
3345,魚群鎮,Deepwood Swim,
3346,身鏡湖中央,central Longmirror Lake,
3347,優雅館,Thysm Lran,
3348,身鏡湖南,south Longmirror Lake,
3349,蛇水湖北,north Lake Tusi Mek'ta,
3350,朵瓦特里沉沒神殿,Covered Halls of Dwatl,
3351,光榮路（珂露西亞島方面）,Path to Glory (Kholusia),
3352,光榮路,Path to Glory,
3353,刺舌滴,Sharptongue Drip,
3354,長老集會所,Longbeard Council,
3355,酒鬼館,Wet Whistle,
3356,宗母的榮耀,Mithai Glorianda,
3357,花侯爵凱旋路,March of the Marchioness,
3358,羊毛道,Woolen Way,
3359,宗母的榮耀,Mithai Glorianda,
3360,無言崖,Silent Cliffs,
3361,纏根林,Trip,
3362,染洗沼地,Dyers' Wash,
3363,瞑目石兵,Deliberating Doll,
3364,洛查特爾河,Lozatl,
3365,血盅,Red Chalice,
3366,弓木樹島,Isle of Bows,
3367,姐妹隱島,Isle of Sisters,
3368,快婿樹島,Isle of Consorts,
3369,特林鳩羅的石架,Trinculo Shelf,
3370,被吞沒的摩天樓,Swallowed Spire,
3371,甬道,Gangway,
3372,飛空艇棧橋,airship launch,
3373,奧奇斯達藍深淵,Ox'Dalan Gap,
3374,阿馬羅棚,Amarokeep,
3375,兵棋之間,Martial Court,
3376,春水湧泉,Font of Quintessence,
3377,演奏之間,Chamber of Celestial Song,
3378,昂薩哈凱爾,Onsal Hakair,
3379,昂薩哈凱爾西部,western Onsal Hakair,
3380,昂薩哈凱爾東部,eastern Onsal Hakair,
3381,昂薩哈凱爾南部,southern Onsal Hakair,
3382,聖者巴古兒赤的神諭,Bagurchi Abjiya,
3383,受辱巴古兒赤的不屈,Bagurchi's Vindication,
3384,聰慧巴古兒赤的旅程,Bagurchi's Foresight,
3385,宇宙宮,Grand Cosmos,
3386,騎士城苑,Chivalric Sphere,
3387,王妃庭園,Regal Sphere,
3388,國王宮殿,Divine Sphere,
3389,騎士之間,Presence Chamber,
3390,兵刃之間,Cross of Blades,
3391,螢石大堂,Myrhinne Hall,
3392,舉杯之間,Chamber of Raised Cups,
3393,英雄之間,Chamber of Immortal Legacy,
3394,起舞之間,Chamber of Courtly Love,
3395,工廠廢墟上層,upper stratum,
3396,工廠廢墟中層,middle stratum,
3397,工廠廢墟下層,lower stratum,
3398,工廠廢墟深層,deep stratum,
3399,第一區,zone 1,
3400,第二區,zone 2,
3401,第三區,zone 3,
3402,第四區,zone 4,
3403,第五區,zone 5,
3404,倉庫A,warehouse A,
3405,倉庫B,warehouse B,
3406,質檢場,quality assurance,
3407,廢品處理室,waste disposal,
3408,倉庫C,warehouse C,
3409,螺旋路,winding walkway,
3410,前部甲板,forward deck,
3411,後部甲板,rear deck,
3412,無垢的大地01,ovoo 1,
3413,無垢的大地02,ovoo 2,
3414,無垢的大地03,ovoo 3,
3415,無垢的大地04,ovoo 4,
3416,無垢的大地05,ovoo 5,
3417,無垢的大地06,ovoo 6,
3418,無垢的大地07,ovoo 7,
3419,無垢的大地08,ovoo 8,
3420,無垢的大地09,ovoo 9,
3421,無垢的大地10,ovoo 10,
3422,無垢的大地11,ovoo 11,
3423,無垢的大地12,ovoo 12,
3424,無垢的大地13,ovoo 13,
3425,複製工廠廢墟,Copied Factory,
3426,廢棄倉庫,ruined warehouse,
3427,機械遺跡坑道,excavation tunnels,
3428,麗耶美格夢園,Lyhe Mheg,
3429,帝都魔導城,imperial palace,
3430,皇族區域通路,Imperial Way,
3431,皇族區域大廳,Emperor's Crossroads,
3432,聯絡走廊,connecting corridor,
3433,動力區,Principle Dynamics,
3434,魔導兵器倉庫,magitek installation,
3435,蒼天街,Firmament,
3436,無名眾人廣場,Mendicant's Court,
3437,工廠廢墟上層,upper stratum,
3438,工廠廢墟中層,middle stratum,
3439,工廠廢墟下層,lower stratum,
3440,工廠廢墟深層,deep stratum,
3441,複製工廠廢墟,Copied Factory,
3442,基姆利特防線,Cinder Drift,
3443,出海垂釣,high seas,
3444,加拉迪翁灣,Galadion Bay,
3445,梅爾托爾海峽南,southern Strait of Merlthor,
3446,梅爾托爾海峽北,northern Strait of Merlthor,
3447,羅塔諾海,Rhotano Sea,
3448,加拉迪翁灣外海,outer Galadion Bay,
3449,加拉迪翁灣外海幻海流,Galadion spectral current,
3450,梅爾托爾海峽南,southern Strait of Merlthor,
3451,梅爾托爾海峽南幻海流,southern Merlthor spectral current,
3452,梅爾托爾海峽北,northern Strait of Merlthor,
3453,梅爾托爾海峽北幻海流,northern Merlthor spectral current,
3454,羅塔諾海海面,open Rhotano Sea,
3455,羅塔諾海海面幻海流,Rhotano spectral current,
3456,蛇水湖中央,central Lake Tusi Mek'ta,
3457,蛇水湖南,south Lake Tusi Mek'ta,
3458,繆櫟之淚,Mjrl's Tears,
3459,俾斯麥的額頭,Bismarck's brow,
3460,追憶庭,Garden of Recollection,
3461,追憶館,Anamnesis,
3462,淨化廣場,Katharsis,
3463,信仰大堂,Doxa,
3464,理念保管庫,Archive Eternal,
3465,概念之間,Noesis,
3466,塞提柏斯海溝,Setebos Trench,
3467,阿尼德羅追憶館,Anamnesis Anyder,
3468,甘多夫雷平原,Gandof Thunder Plains,
3469,灰揚旅路,Ashfall,
3470,伊甸甲板,Halo,
3471,試煉前室,Trial's Threshold,
3472,霍啪櫨古盤,Hopl's Stopple,
3473,十字鎬大街,Mattock,
3474,聖羅埃勒廣場,Saint Roelle's Dais,
3475,新巢居住區,New Nest,
3476,羅蘭莓田,Rolanberry Field,
3477,努力號,<hex:021A020203>Endeavor<hex:021A020103>,
3478,甘戈斯,Gangos,
3479,西德的記憶空間,Cid's memory,
3480,博茲雅堡壘大街,Cardo Maximus,
3481,博茲雅堡壘居住區,Insulae,
3482,博茲雅堡壘廣場,Bozja forum,
3483,總部基地前,Praetentura,
3484,總部基地,Principia,
3485,通訊雷波塔,lunar transmitter,
3486,通訊雷波塔控制室,transmission control,
3487,大冰河,great glacier,
3488,分斷的大冰河,frozen reflections,
3489,搖風雲海,windswept cloudtop,
3490,遺跡表層,sunken structures,
3491,遺跡深層,sunken sanctum,
3492,人偶軍事基地,Puppets' Bunker,
3493,侏儒山脈,Duergar Mountains,
3494,地堡,Bunker,
3495,升降機,elevator,
3496,異星船艦,alien ship,
3497,隕坑,crater,
3498,倉庫,hangar,
3499,通道,corridor,
3500,司令室,command room,
3501,豎井,shaft,
3502,A區,sector A,
3503,B區,sector B,
3504,殘骸A,elevated detritus,
3505,殘骸B,sunken detritus,
3506,發射甲板,launch deck,
3507,第二司令室,Core Command,
3508,通道,passage,
3509,艦橋,bridge,
3510,2B的房間,2B's room,
3511,暗影決戰諾弗蘭特,Heroes' Gauntlet,
3512,安穆·艾蘭,Amh Araeng,
3513,伊爾美格,Il Mheg,
3514,雷克蘭德,Lakeland,
3515,阿爾格礦山,Mount Argai Mines,
3516,草人的舞場,Summer Ballroom,
3517,大聖堂前廣場,Illuminated Plaza,
3518,廢棄的礦山軌道,lost track,
3519,琥珀谷,Amber Valley,
3520,甜蜜館,A' Milran,
3521,沉沒的空中走廊,sunken skyway,
3522,薄霧席,Staoigh Creach,
3523,不眠的野營地,Sleepless Vigil,
3524,光耀大聖堂遺跡,Luminous Sanctuary,
3525,落羽商業區,Featherfall,
3526,天鋼機工房分館,Skysteel workshop,
3527,算盤大街,Abacus,
3528,白霜官舍,Hoarfrost Hall,
3529,烏特亞前哨,Utya's Aegis,
3530,奧蘭塔陣地,Olana's Stand,
3531,倫亞陣地,Lunya's Stand,
3532,息風雲海,windbreaking cloudtop,
3533,烈風雲海,buffeted cloudtop,
3534,南方博茲雅戰線,Bozjan southern front,
3535,帝國湖岸堡,Castrum Lacus Litore,
3536,南部塹壕區,southern entrenchment,
3537,博茲雅舊市街遺跡,Old Bozja,
3538,阿拉木特城下,Alermuc climb,
3539,湖岸堡城外,castrum approach,
3540,湖岸堡城內,inner castrum,
3541,群刃大廳,Bladesmeet,
3542,失落的遺跡,Last Trace,
3543,冷灰大洞,Firelight's Coffin,
3544,蒼鷹廣場,Eaglesight,
3545,城門,grand gates,
3546,飛空戰艦著陸場,airship landing,
3547,圓壇之間,Majesty's Auspice,
3548,王者圓壇,Majesty's Place,
3549,毀壞的建築,orphaned ruins,
3550,DII-I號,DII-I,
3551,DII-II號,DII-II,
3552,DII-III號,DII-III,
3553,DII-IV號,DII-IV,
3554,DII-V號,DII-V,
3555,DII-VI號,DII-VI,
3556,SII-I號,SII-I,
3557,SII-II號,SII-II,
3558,SII-III號,SII-III,
3559,SII-IV號,SII-IV,
3560,SII-V號,SII-V,
3561,SII-VI號,SII-VI,
3562,DI-I號,DI-I,
3563,DI-II號,DI-II,
3564,DI-III號,DI-III,
3565,SI-I號,SI-I,
3566,SI-II號,SI-II,
3567,SI-III號,SI-III,
3568,始皇寶座,Seat of Sacrifice,
3569,時空狹縫,rift,
3570,燕鷗崖海灣,Terncliff Bay,
3571,燕鷗崖,Terncliff,
3572,阿諾古的房間,Anogg's lair,
3573,未明之間,Dawn's Respite,
3574,沃茨之錘,Watts's Anvil,
3575,斯特瓦野營地,Camp Steva,
3576,人偶軍事基地,Puppets' Bunker,
3577,侏儒山脈,Duergar Mountains,
3578,地堡,bunker,
3579,升降機,elevator,
3580,異星船艦,alien ship,
3581,帝國海上基地乾船塢,Castrum Marinum drydocks,
3582,髒兮兮的土洞,Grimegrot,
3583,濕漉漉的水洞,Wandering Well,
3584,熱騰騰的火洞,Flame's Fantasia,
3585,聚魔洞窟,Sorcerer's interstice,
3586,發光的挖土場,Clayclot Cauldron,
3587,涼爽的打水場,Clearnote Cauldron,
3588,炫彩的生火場,Kilnfire Cauldron,
3589,假裝無人的工房,woebegone workshop,
3590,瑪托雅工作室,Matoya's Relict,
3591,髒兮兮的土洞,Grimegrot,
3592,濕漉漉的水洞,Wandering Well,
3593,熱騰騰的火洞,Flame's Fantasia,
3594,聚魔洞窟,Sorcerer's interstice,
3595,游末邦監獄,bygone gaol,
3596,暗黑領域,Sphere of Naught,
3597,女王古殿,Delubrum Reginae,
3598,遺跡淺層,outer locus,
3599,遺跡中層,inner locus,
3600,遺跡深層,hidden locus,
3601,遺留的前庭,suspended approach,
3602,捨棄的兵舍,abandoned barracks,
3603,拋棄的穀倉,neglected granary,
3604,遺忘的離宮,dead living quarters,
3605,無述的拜廊,uninviting entrance,
3606,不禱的拜殿,silent prayer hall,
3607,隱藏的臺階,concealed staircase,
3608,無接的中殿,undisturbed shrine,
3609,無命的神殿,dormant altar,
3610,未滿的聖所,still sanctum,
3611,圓形劇場遺跡,Theater of One,
3612,雌獅大廳,Pride of the Lioness,
3613,大祈禱所,Hall of Supplication,
3614,神諭所,Hall of Hieromancy,
3615,雄獅大廳,Pride of the Lion,
3616,和鳴水晶之間,Vault of Singing Crystal,
3617,安靜的冥想室,Seer's Solace,
3618,生命至聖所,Path of Divine Clarity,
3619,巫女大廳,Queensheart,
3620,拉克汕城,Laxan Loft,
3621,謝爾達萊群島近海,Cieldalaes Margin,
3622,謝爾達萊群島近海幻海流,Cieldalaes spectral current,
3623,緋汐海近海,open Bloodbrine Sea,
3624,緋汐海近海幻海流,Bloodbrine spectral current,
3625,羅斯利特灣近海,outer Rothlyt Sound,
3626,羅斯利特灣近海幻海流,Rothlyt spectral current,
3627,紅玉海底東部,eastern Ruby Sea,
3628,小林丸北側,<hex:021A020203>Kobayashi Maru<hex:021A020103>'s northern wake,
3629,沉沒江船南側,sunken junk's south side,
3630,太陽湖底南部,Azim Khaat southern lakebed,
3631,鹽湖湖底深部,Loch Seld deep lakebed,
3632,賢島東側,eastern Isle of Ken,
3633,身鏡湖東部,east Longmirror Lake,
3634,蛇水湖湖底深部,deep Lake Tusi Mek'ta,
3635,絕望庭園,Garden of Nowhere,
3636,魯什芒德紀念醫院,Ser Vaindreau's Grace,
3637,羽毛筆大街,Quill's Trace,
3638,詩伯門,Bright Ballad's Passage,
3639,浸雪浴場,Snowsoak Springs,
3640,升歌文化區,Risensong Quarter,
3641,謝爾達萊群島,Cieldalaes,
3642,緋汐海,Bloodbrine Sea,
3643,羅斯利特灣,Rothlyt Sound,
3644,夢羽寶殿,Shifting Oubliettes of Lyhe Ghiah,
3645,東升歌文化區,eastern Risensong Quarter,
3646,西升歌文化區,western Risensong Quarter,
3647,希望之砲臺：「塔」,Tower at Paradigm's Breach,
3648,最下層,lower section,
3649,電腦空間A,ego collective A,
3650,電腦空間B,ego collective B,
3651,單軌系統,monorail system,
3652,最上層,upper section,
3653,電腦空間C,ego collective C,
3654,封鎖區域A,closed area A,
3655,封鎖區域B,closed area B,
3656,迎擊區域A,staging node A,
3657,迎擊區域B,staging node B,
3658,迎擊區域C,staging node C,
3659,迎擊區域D,staging node D,
3660,升降機,ascension platform,
3661,塔頂,Beyond,
3662,扎杜諾爾高原,Zadnor,
3663,究極救世者G型戰鬥甲板,G-Savior deck,
3664,弗爾德尼斯前哨,Camp Vrdelnis,
3665,斯匹塔克陣地,Zuprtik Point,
3666,耶傑班陣地,Ljeban Point,
3667,赫瑪威爾陣地,Hrmovir Point,
3668,南部臺地,southern plateau,
3669,西部臺地,western plateau,
3670,北部臺地,northern plateau,
3671,扎杜諾爾基地,Castellum Zadnori,
3672,旗艦前部,war bow,
3673,旗艦中樞,founder's deck,
3674,亞拉戈試掘坑,Allagan pits,
3675,旗艦停泊地,flagship landing,
3676,貨物裝卸區,loading dock,
3677,貨物裝卸控制室,Cargo Administration,
3678,魔導研究區,Magitek Development,
3679,動力控制區,Dynamic Systems,
3680,大型兵器倉庫,greater hold,
3681,崩塌的試掘坑,fallen ring,
3682,旗艦達爾里阿達號,<hex:021A020203>Dalriada<hex:021A020103>,
3683,彩蛋預言雞舍,Dreamer's Run,
3684,月球深處,Dark Inside,
3685,母水晶,Mothercrystal,
3686,盡頭的終點,Final Day,
3687,穹頂皓天,Empyreum,
3688,[擴建區]穹頂皓天,Empyreum subdivision,
3689,穹頂皓天私人小屋,private cottage - Empyreum,
3690,穹頂皓天私人公館,private house - Empyreum,
3691,穹頂皓天私人別墅,private mansion - Empyreum,
3692,穹頂皓天個人房間,private chambers - Empyreum,
3693,穹頂皓天部隊工房,company workshop - Empyreum,
3694,皓天爐舍大廳,Ingleside apartment lobby,
3695,皓天爐舍房間,Ingleside apartment,
3696,鬧鬼盛宴,Phantoms' Feast,
3697,孩童的遊戲屋,playroom,
3698,媽媽的餐廳,banquet hall,
3699,爸爸的舞廳,ballroom,
3700,原初世界,Source,
3701,第一世界,First,
3702,北洋地域,Northern Empty,
3703,伊爾薩巴德,Ilsabard,
3704,星外天域,sea of stars,
3705,古代世界,world unsundered,
3706,舊薩雷安,Old Sharlayan,
3707,拉札罕,Radz-at-Han,
3708,迷津,Labyrinthos,
3709,薩維奈島,Thavnair,
3710,加雷馬,Garlemald,
3711,嘆息海,Mare Lamentorum,
3712,天外天垓,Ultima Thule,
3713,厄爾庇斯,Elpis,
3714,迎晨廣場,Highmorn's Horizon,
3715,穹頂皓天東南區,Empyreum Southeast,
3716,穹頂皓天中央區,Central Empyreum,
3717,穹頂皓天西南區,Empyreum Southwest,
3718,皓天爐舍,Ingleside,
3719,穹頂皓天西北區,Empyreum Northwest,
3720,穹頂皓天東區,Empyreum East,
3721,穹頂皓天東北區,Empyreum Northeast,
3722,[擴建區]迎晨廣場,Highmorn's Horizon subdivision,
3723,[擴建區]穹頂皓天西南區,Empyreum Southwest subdivision,
3724,[擴建區]穹頂皓天中央區,Central Empyreum subdivision,
3725,[擴建區]穹頂皓天西北區,Empyreum Northwest subdivision,
3726,[擴建區]皓天爐舍,Ingleside subdivision,
3727,[擴建區]穹頂皓天東北區,Empyreum Northeast subdivision,
3728,[擴建區]穹頂皓天南區,Empyreum South subdivision,
3729,[擴建區]穹頂皓天東南區,Empyreum Southeast subdivision,
3730,地脈調整區,Aetherial Manipulation,
3731,信仰抽離區,Inculcation Channel,
3732,信仰增幅區,Fervor Enhancement,
3733,技巧之間,Ingenuity's Ingress,
3734,財富之間,Prosperity's Promise,
3735,智慧之間,Wisdom's Ward,
3736,佐特塔,Tower of Zot,
3737,基層,tower base,
3738,中層,tower climb,
3739,頂層,tower top,
3740,迷津,Labyrinthos,
3741,薩維奈島,Thavnair,
3742,星外,sea of stars,
3743,古代世界,world unsundered,
3744,舊薩雷安,Old Sharlayan,
3745,拉札罕,Radz-at-Han,
3746,白濱村南部,southern Akyaali,
3747,白濱村西部,western Akyaali,
3748,遺烈鄉南部,southern Great Runoff,
3749,摩耶幻泉,Font of Maya,
3750,白濱村外海,outer Akyaali,
3751,自凝島北部,northern Onokoro,
3752,漁村附近,Isari slope,
3753,鏡仙洞附近,Exile,
3754,龜甲島東北部,northeastern Bekko,
3755,境島東部,eastern Barrier Isle,
3756,自凝島西北部,northwestern Onokoro,
3757,石牡丹岩窟附近,Anemone Gardens,
3758,鹽湖東北部,Loch Seld northeastern lakebed,
3759,極北造物院,Ktisis Hyperboreia,
3760,創造大陸層,terrestrial artifice,
3761,創造研究層,experimental artifice,
3762,創造低空層,lower aerial artifice,
3763,創造大陸觀察區,Geopsis,
3764,創造天空觀察區,Ouranopsis,
3765,創造天脈觀察區,Cosmopsis,
3766,寒冷創造環境,Frozen Sphere,
3767,創造生物評價室,Concept Review,
3768,天脈創造環境,Celestial Sphere,
3769,萬魔殿正門,Gates of Pandæmonium,
3770,笑笑鎮,Smileton,
3771,城區表層,outsides,
3772,城區內層,insides,
3773,城區工地,on-the-waysides,
3774,面帶微笑的正門,Smileport,
3775,熱烈歡迎的門廳,Welcome Wheel,
3776,大笑臉,Frame,
3777,世上最美妙的市區,Many Ways,
3778,理想中的居住區,block of dreams,
3779,放鬆身心的房間,recreation room,
3780,感動與興奮的音樂堂,moving music hall,
3781,正在施工，十分抱歉！,Under Construction (Sorry!),
3782,搬運幸福的通道,Happy Street,
3783,斯提格瑪四,Stigma Dreamscape,
3784,阿爾法坦星,Alphatron Star,
3785,小行星帶,Gordhonite asteroid belt,
3786,龍星,Dragonstar,
3787,阿爾法坦星,Alphatron Star,
3788,戈多納文明首都,Gordhona,
3789,龍星,Dragonstar,
3790,武器工廠,Weapons Manufacturing,
3791,A4指揮部,A-4 Command,
3792,A4佔領地,A-4 Conquest,
3793,A4前哨,A-4 Outpost,
3794,A4司令部,A-4 Headquarters,
3795,戰戟大街（住宅區管理人）,Halberd's Head,
3796,[擴建區]戰戟大街（住宅區管理人）,Halberd's Head subdivision,
3797,萬魔殿邊境下層,Fervid Limbo,
3798,萬魔殿邊境水道,Stagnant Limbo,
3799,亞歷山德里亞,Alexandria,
3800,薩雷安魔法大學,Studium,
3801,所見大講堂,Phenomenon,
3802,精製堂,Makers' Meet,
3803,屯集堂,Searchers' Meet,
3804,公開講堂,Learners' Meet,
3805,所思大書院,Noumenon,
3806,討論者圓亭,Speaking Monopteros,
3807,沉思林,Tranquility,
3808,思考者圓亭,Silent Monopteros,
3809,七賢人庭園,Archons' Design,
3810,哲學家廣場,Rostra,
3811,詭巧大廳,Hall of Artifice,
3812,水仙女神龕,nymphaeum,
3813,傳送魔法研究所,Confluence,
3814,乙太之光廣場,Old Sharlayan aetheryte plaza,
3815,露天集市,Agora,
3816,巴爾德西昂分館,Baldesion Annex,
3817,正廳,main hall,
3818,休息室,andron,
3819,漂流的終點,Journey's End,
3820,萊韋耶勒爾府,Leveilleur estate,
3821,海鸚廣場,Auk's Landing,
3822,知識神海港,Scholar's Harbor,
3823,背水咖啡廳,Last Stand,
3824,紐恩克雷夫的瞭望岩,Nyunkrepf's Sight,
3825,才流柱廊,Thaliak Stoa,
3826,知識神像,Scholar,
3827,列柱廊,peristyle,
3828,出入國管理所,Worldly Affairs,
3829,外環,Outer Circuit,
3830,詭巧之路,Path of Artifice,
3831,衛輔城上層,upper Acrinthos,
3832,下水溝渠,Phreatic Conduit,
3833,公堂保管院,Archeion,
3834,恩惠圓頂屋,Aesthete's Tholos,
3835,帕斯梅朗種畜研究所,Passemerrant Pasturponics,
3836,育魚人工河,hatching canal,
3837,洞穴生物繁殖區,Troglophile's Deep,
3838,第三十三期擴建坑道,thirty-third facet,
3839,朝露林,Mornveil Forest,
3840,人工霧控制塔,Mistloom,
3841,中環,Medial Circuit,
3842,梅麗奧爾實驗農場,Meryall Agronomics,
3843,心之風,Psyche,
3844,閃耀中樞,Phoibos,
3845,命之風,Pneuma,
3846,衛輔城下層,lower Acrinthos,
3847,安居酪農場,mitato,
3848,內環,Central Circuit,
3849,理性其一,Logistikon Alpha,
3850,小薩雷安,Sharlayan Hamlet,
3851,理性其二,Logistikon Beta,
3852,無路總部,Aporia,
3853,理性其三,Logistikon Gamma,
3854,可可羅工房,Kokkol's Forge,
3855,驚愕所,Thaumazein,
3856,星海,aetherial sea,
3857,象鼻獅大橋,Gajasimha Bridge,
3858,真眼門,Gate of First Sight,
3859,誓約階梯,Loyal Rise,
3860,阿爾扎達爾大街,Alzadaal's Path,
3861,阿爾扎達爾廟,Alzadaal's Peace,
3862,帕克夏大街,Paksa's Path,
3863,拉札罕飛艇坪,airship landing,
3864,達摩法區,Dharma,
3865,雲使宮,Meghaduta,
3866,妮洛帕拉畜產局,Nilopala Nourishments,
3867,織風桑田,Windweft,
3868,魯維達紡絲局,Ruveydah Fibers,
3869,阿塔富區,Artha,
3870,星戰士團大本營,Hall of the Radiant Host,
3871,流星之間,Sundrop,
3872,西巴爾夏恩大巴扎,west Balshahn Bazaar,
3873,東巴爾夏恩大巴扎,east Balshahn Bazaar,
3874,梅麗德酒房,Mehryde's Meyhane,
3875,乙太之光廣場,Radz-at-Han aetheryte plaza,
3876,煉金術製藥堂,High Crucible of Al-Kimiya,
3877,瑜及結區,Yuj,
3878,卡瑪愛區,Kama,
3879,微風海岸,Saltwind's Welcome,
3880,新港,Yedlihmad,
3881,戀船島,Ussaqeyiq,
3882,獵船島,Tebqeyiq,
3883,光明島,Alnair,
3884,白濱村,Akyaali,
3885,熏香丘陵,Perfumed Rise,
3886,代米爾遺烈鄉,Great Work,
3887,卡嘉雅舞臺,Kadjaya's Footsteps,
3888,桓娑牧場遺址,Hamsa Hatchery,
3889,巨膽石採掘場,Giantsgall Grounds,
3890,佐特塔,Tower of Zot,
3891,納茹奈島,Narunnair,
3892,眾僧林園,Shroud of the Samgha,
3893,塔門,Wakeful Torana,
3894,波洛伽護法村,Palaka's Stand,
3895,帕瓦納的悔悟,Pavana's Remorse,
3896,聖仙阿迦瑪之墓,Agama Temple,
3897,乳河,Ksiroda,
3898,摩耶幻泉,Font of Maya,
3899,神我寺,Purusa,
3900,星戰士團訓練場,Burning Field,
3901,值夜海崖,Night's Watch,
3902,艾布拉納冰原,Eblan Rime,
3903,碎璃營地,Camp Broken Glass,
3904,平原倉庫,Horrea Campi,
3905,公務宿舍G棟,Monitoring Station G,
3906,封賞別墅,Victors' Spoils,
3907,大青湖,Cerulea Ingens,
3908,啜飲洞,Tapper's Den,
3909,朱圖爾娜七號水上鑽井平臺,Juturna Platform G,
3910,新房區,Regio Domorum,
3911,恩塞拉都斯魔導工廠,Enceladeum,
3912,開放廣場,Forum Patens,
3913,第四市外站,Liminal Station IV,
3914,脫軌列車,Runaway Train,
3915,第三站,Tertium,
3916,青磷管道,Pipe,
3917,都市區,Regio Urbanissima,
3918,加雷馬元老院,Senaculum Imperialis,
3919,帝國新宮,Palatium Novum,
3920,索魯斯廣場,Forum Solius,
3921,帝都高架路,Alta Strata,
3922,潔白環濠,Stainless Course,
3923,巴別塔,Tower of Babil,
3924,偉大冰原,Magna Glacies,
3925,南風諾托斯的感嘆,Philomythes Notos,
3926,前關門,Propylaion,
3927,新芽玄關,First Bloom,
3928,醒悟天測園,Anagnorisis,
3929,十二奇園,Twelve Wonders,
3930,萬慧樹,Noetophoreon,
3931,汐沫庭,Mourning Dew,
3932,異土庭,Chthonic Horns,
3933,南風航,Notoneus,
3934,西風仄費羅斯的喝彩,Kallimelios Zephyros,
3935,偏南西風航,southerly Zephyrneus,
3936,轉移六洋院,Metabaseos Thalassai,
3937,突轉藏晶院,Peripeteia Krystalline,
3938,創作者之家,Poieten Oikos,
3939,偏北西風航,northerly Zephyrneus,
3940,逍遙水徑,Rumination's Ramble,
3941,北風玻瑞阿斯的默劇,Ethoseletikos Boreas,
3942,偏南北風航,southerly Boreneus,
3943,極北造物院,Ktisis Hyperboreia,
3944,偏東北風航,easterly Boreneus,
3945,東風歐洛斯的冷笑,Misopses Euros,
3946,翠牙園,Hungering Gardens,
3947,忘海,Lethe,
3948,東風航,Euroneus,
3949,淚灣,Sinus Lacrimarum,
3950,監視者之館,Watcher's Palace,
3951,嘆息海南部,southern Mare Lamentorum,
3952,靈水之劍,Drowning Brand,
3953,靈冰之劍,Numbing Brand,
3954,靈土之劍,Crushing Brand,
3955,熒光洞,Chlorophosgrot,
3956,暗之搖籃,Cradle of Darkness,
3957,痛苦月谷,Vallis Vulneris,
3958,嘆息海北部,northern Mare Lamentorum,
3959,靈風之劍,Biting Brand,
3960,靈雷之劍,Striking Brand,
3961,靈火之劍,Searing Brand,
3962,西德尼亞丘陵,Kydonia Knolls,
3963,愛情威的花園,Lovingway's Darlings,
3964,苦灣,Sinus Tormenti,
3965,海姆達爾級觀察艇殘骸,Heimdall's Last Sight,
3966,最佳威兔洞,Bestways Burrow,
3967,月帆罩,Moonsail,
3968,胡蘿蔔所,Carrotorium,
3969,最偉大的森林,Greatest Endsvale,
3970,瓦銘癸辛,Ostrakon Deka-okto,
3971,諸神黃昏號魔導船,<hex:021A020203>Ragnarok<hex:021A020103>,
3972,熔化的前哨基地,vitrified fort,
3973,半途終旅,Reah Tahra,
3974,未頌龍詩,Ahm Nohl,
3975,瓦銘丙,Ostrakon Tria,
3976,逡巡泉,wellspring of regret,
3977,再賦肉身,Hollow of the Flesh,
3978,異亞村落,abode of the Ea,
3979,辭世絕句碑,Elegeia,
3980,異亞轉移陣,Tube,
3981,瓦銘癸己,Ostrakon Deka-hexi,
3982,遺棄的傳送門,clouded portal,
3983,奧密克戎基地,Base Omicron,
3984,凋零的傳送門,fallow portal,
3985,生命樹,Tree of Life,
3986,斯提格瑪一,Stigma-1,
3987,殘破的傳送門,empty portal,
3988,瓦銘甲,Ostrakon Hena,
3989,無命鎮,nekropolis,
3990,盡頭的中心,Absolute Horizon,
3991,末世終跡,Dead Ends,
3992,主觀測室,central observatory,
3993,結晶海域,Saltcrystal Strings,
3994,亂流海域,Midnight Downwell,
3995,乙太鏡群,Aetherial Lens,
3996,星海深淵,abyssal plane,
3997,星海中樞,aetherostatic peak,
3998,薩雷安魔法大學,Studium,
3999,巴爾德西昂分館前,Baldesion Annex,
4000,哲學家廣場,Rostra,
4001,萊韋耶勒爾府前,Leveilleur estate,
4002,漂流的終點,Journey's End,
4003,知識神海港,Scholar's Harbor,
4004,詭巧大廳（迷津方面）,Hall of Artifice (Labyrinthos),
4005,雲使宮前,Meghaduta,
4006,魯維達紡絲局前,Ruveydah Fibers,
4007,拉札罕飛艇坪,airship landing,
4008,阿爾扎達爾廟前,Alzadaal's Peace,
4009,星戰士團大本營前,Hall of the Radiant Host,
4010,梅麗德酒房,Mehryde's Meyhane,
4011,真眼門（薩維奈島方面）,Gate of First Sight (Thavnair),
4012,森中空地,Trnakiya,
4013,村長屋前,Insight,
4014,天神寺,Devatagara,
4015,萬相森國,Vanaspati,
4016,祈禱水源,Wandering Wellspring,
4017,決意之路,Chosen Path,
4018,沙門村落,Sramana's Salve,
4019,太陽階梯,Sun's Ascent,
4020,石窟寺群,temple stones,
4021,天際,beyond the stars,
4022,夜遊魂總部,Lemures headquarters,
4023,作戰會議室,strategy room,
4024,神門之間,Nethergate,
4025,星海,aetherial sea,
4026,失落的水理,Lost Hydraulic,
4027,若那海上智壇,Jnanamandapa,
4028,尋因星晶鏡,Aitiascope,
4029,遺忘的傳送門,unmemoried portal,
4030,大金庫,Svarna,
4031,翁法洛斯,Omphalos,
4032,後營門,Porta Decumana,
4033,萬魔殿正門,Gates of Pandæmonium,
4034,所思大書院禁書庫,restricted archives,
4035,阿爾扎達爾海底遺跡群,Alzadaal's Legacy,
4036,特羅亞宮廷,Fell Court of Troia,
4037,尋因星晶鏡,Aitiascope,
4038,零的領域,Zero's domain,
4039,雲使宮客房,Meghaduta guest chambers,
4040,魔人的藏身之處,Sneaky Hollow,
4041,A4調查平臺,A-4 Research,
4042,至福樂土,Elysion,
4043,無名島,unnamed island,
4044,煉金術製藥堂,High Crucible of Al-Kimiya,
4045,咒髮風塔,Storm's Crown,
4046,零的住所,Zero's hideout,
4047,廣場,ramshackle square,
4048,背世咖啡廳,Last Dregs,
4049,農業區,Elysian fields,
4050,知識神海港,Scholar's Harbor,
4051,碧谷,Oinops,
4052,沉思泉,reflecting pool,
4053,一號天球口,Unmoved Source Alpha,
4054,一號溝渠,Mover Alpha,
4055,二號天球口,Unmoved Source Beta,
4056,二號溝渠,Mover Beta,
4057,深壕,Deepmoat,
4058,雲使飛沫,Meghaduta,
4059,新港沿岸,Yedlihmad,
4060,薩維奈島近海,Thavnairian coast,
4061,代米爾遺烈鄉沿岸,Great Runoff,
4062,巨膽石採掘場,Giantsgall Grounds,
4063,塔門,Wakeful Torana,
4064,乳河,Ksiroda,
4065,帕瓦納的悔悟,Pavana's Remorse,
4066,摩耶幻泉,Font of Maya,
4067,熏香海岸,Perfumed Tides,
4068,艾布拉納不凍池,Eblan Thaw,
4069,潔白環濠,Stainless Course,
4070,最偉大的森林,Greatest Endsvale,
4071,熒光池,Chlorophospond,
4072,凍土裂痕,Frozen Fissure,
4073,逍遙水徑,Rumination's Ramble,
4074,翠牙園下層,lower Hungering Gardens,
4075,忘海,Lethe,
4076,沼癸辛γ,apohelos 18-γ,
4077,沼癸辛β,apohelos 18-β,
4078,沼癸辛α,apohelos 18-α,
4079,逡巡泉,wellspring of regret,
4080,異亞村落,abode of the Ea,
4081,湖癸辛,limne 18,
4082,湖丙α,limne 3-α,
4083,湖丙β,limne 3-β,
4084,創造中空層,central aerial artifice,
4085,創造高空層,upper aerial artifice,
4086,創造天空層,prime artifice,
4087,海洋區,Elysian seas,
4088,遊樂區,Elysian Playgrounds,
4089,森林區,Elysian groves,
4090,角力學校,Palaistra,
4091,火山之心,Volcanic Heart,
4092,九霄雲上,Cloud Nine,
4093,機關大殿,Clockwork Castletown,
4094,赤土紅沙,Red Sands,
4095,海岸鬥場,Bayside Battleground,
4096,休兵書庫,Archeia Harmonias,
4097,,,
4098,詩想空間,medias res,
4099,詩想空間,medias res,
4100,末世終跡,Dead Ends,
4101,瓦銘己,Ostrakon Hexi,
4102,瓦銘辛,Ostrakon Okto,
4103,瓦銘癸庚,Ostrakon Deka-hepta,
4104,即將消失的貝塚,shell mound,
4105,威懾山丘,deterrence grounds,
4106,世界樹庭園,World Tree,
4107,污濁的海岸,pestilent sands,
4108,格雷布洛弗的聚落,Grebuloff pillars,
4109,審判日,Judgment Day,
4110,富足的世界,Plenty,
4111,驚奇百寶城,Excitatron 6000,
4112,驚奇入口,Admissions,
4113,第一區,hyperstage 1,
4114,第二區,hyperstage 2,
4115,第三區,hyperstage 3,
4116,第四區,hyperstage 4,
4117,最終區,hypermost stage,
4118,巴別塔,Tower of Babil,
4119,魔導貨運線E號列車,Magitek Freight Depot E,
4120,地下區域,subterranean sector,
4121,電梯區域,conveyance sector,
4122,宮殿區域,palatial sector,
4123,增建區域,auxiliary sector,
4124,魔導整備庫,Magitek Servicing,
4125,武術訓練堂,Martial Conditioning,
4126,鐵腹,Iron Womb,
4127,四十九式貨車,Mark XLIX Freighter,
4128,卸貨通道,loading belt,
4129,A號電梯,magitek lift A,
4130,聯絡通道,connecting corridor,
4131,宮殿通道,palatial corridor,
4132,環鏈之間,Chain,
4133,地脈歪曲層,Aetherial Distortion,
4134,阿尼瑪時空,Anima's dimension,
4135,邊境之獄深層,Sanguine Limbo,
4136,田園郡,Idyllshire,
4137,神拳痕,Rhalgr's Reach,
4138,加雷馬,Garlemald,
4139,穹頂皓天,Empyreum,
4140,聖龍門,Great Wyrm's Gate,
4141,融雪溫泉,Snowsteep Springs,
4142,戰戟大街,The Halberd's Head,
4143,義勇門,Kind Traveler's Gate,
4144,當古蘭紀念公園,Dangoulain's Devotion,
4145,新飛龍港,Risensong Rookery,
4146,尋因星晶鏡,Aitiascope,
4147,下層,lower sepulchres,
4148,深層,cairn's hollow,
4149,[擴建區]聖龍門,Great Wyrm's Gate subdivision,
4150,[擴建區]融雪溫泉,Snowsteep Springs subdivision,
4151,[擴建區]義勇門,Kind Traveler's Gate subdivision,
4152,[擴建區]當古蘭紀念公園,Dangoulain's Devotion subdivision,
4153,[擴建區]新飛龍港,Risensong Rookery subdivision,
4154,阿爾扎達爾海底遺跡群,Alzadaal's Legacy,
4155,巴弗剌烏遺跡,Bhaflau remnants,
4156,阿剌帕各遺跡,Arrapago remnants,
4157,扎越爾姆遺跡,Zhayolm remnants,
4158,塌陷的大廳,undersea entrance,
4159,豐饒之間,Threshold of Bounty,
4160,封寶之間,Weaver's Warding,
4161,巴弗剌烏遺跡,Bhaflau remnants,
4162,阿剌帕各遺跡,Arrapago remnants,
4163,扎越爾姆遺跡,Zhayolm remnants,
4164,,,
4165,,,
4166,阿爾扎達爾三世寶物殿,Thrice-won Hoard,
4167,燦爛神域阿格萊亞,Aglaia,
4168,雷天,Heaven of Lightning,
4169,炎天,Heaven of Fire,
4170,雙面宮,Twin Halls,
4171,雷天,Heaven of Lightning,
4172,炎天,Heaven of Fire,
4173,技巧宮,Ingenuity's Foothold,
4174,引導步廊,Path,
4175,彗星宮,Monument to Destruction,
4176,壯麗都城,Endless City,
4177,審理宮,Circle of Inquiry,
4178,雙面宮,Twin Halls,
4179,鹽湖西南,Loch Seld southwestern lakebed,
4180,特羅亞宮廷,Fell Court of Troia,
4181,第四監獄,carcere IV,
4182,特羅亞城,Troia Keep,
4183,水占庭園,hydromantic terraces,
4184,責罪廣場,Penitence,
4185,首席神官之間,Seat of the Foremost,
4186,姐妹之園,Garden of Epopts,
4187,通往庭園的臺階,pilgrim's ascent,
4188,第四監獄,carcere IV,
4189,特羅亞城,Troia Keep,
4190,水占庭園,hydromantic terraces,
4191,至福樂土農業區,Elysian Fields,
4192,至福樂土海洋區α,Elysian Seas α,
4193,至福樂土海洋區β,Elysian Seas β,
4194,至福樂土遊樂區α,Elysian Playgrounds α,
4195,至福樂土遊樂區β,Elysian Playgrounds β,
4196,寄生生物隔離層,Pestilent Purgatory,
4197,咒髮風塔,Storm's Crown,
4198,創生樹隔離層,Hollow Purgatory,
4199,希拉狄哈水道,Sil'dihn Subterrane,
4200,泥水泵,silt pump,
4201,花園前庭,forgotten forecourt,
4202,孔雀石之間,malachite portico,
4203,秘寶室,shaded solace,
4204,日照花園,sunlit garden,
4205,污泥處理池,settling basin,
4206,勇士安睡之地,Eternal Ease,
4207,祭具室,ceremonial stores,
4208,濾石設施,sifting site,
4209,御前鬥技臺,Cornice of Favor,
4210,王族寢室,royal bedchambers,
4211,王家餐桌,sultan's table,
4212,謁見室,audience chamber,
4213,希拉狄哈國庫,Prosperity,
4214,聖火兵器放置處,Cold Arms' Quietus,
4215,聖火與天平之間,Beacon's Balance,
4216,三門入口,thresholds three,
4217,灌溉用水路,irrigation ducts,
4218,翠意小徑,Spring's Passage,
4219,地下河取水堰,groundwater intake,
4220,污水處理區,sanitation sluices,
4221,通往聖戰的歧路,Flames' Fork,
4222,清剿作戰前哨,Traders' Return,
4223,上水道設施,cistern system,
4224,希拉狄哈王政區,Quarter of Rule,
4225,後宮,hidden halls,
4226,共鬥紀念祭場,Friendship's Testament,
4227,異聞希拉狄哈水道,Another Sil'dihn Subterrane,
4228,智慧之層,The Jewel,
4229,力量之層,The Helm,
4230,天平之層,The Scales,
4231,第一試煉,Trial of Knowledge,
4232,第二試煉,Trial of Might,
4233,第三試煉,Trial of Balance,
4234,智慧之庭,refuge of the wise,
4235,力量之庭,refuge of the powerful,
4236,採集環境,wilds,
4237,開拓據點,Home Sweet Hideaway,
4238,海盜灣,pirate bay,
4239,踏腳石岩礁,rocky reef,
4240,平平小丘,gentle slope,
4241,山泉,small spring,
4242,尖尖山頂,true summit,
4243,半山腰,sunrise lookout,
4244,珊瑚海岸,coral sands,
4245,青空池,pristine pond,
4246,三角岬,peak point,
4247,縱向小溪,northward stream,
4248,橫向小溪,eastward stream,
4249,猛毒生物隔離層,Caustic Purgatory,
4250,生命奧秘研究層,Stygian insenescence cells,
4251,至福樂土,Elysion,
4252,至福樂土,Elysion,
4253,至福樂土,Elysion,
4254,至福樂土,Elysion,
4255,至福樂土,Elysion,
4256,至福樂土,Elysion,
4257,[擴建區]戰戟大街,Halberd's Head subdivision,
4258,喜悅神域歐芙洛緒涅,Euphrosyne,
4259,土天,Heaven of Earth,
4260,冰天,Heaven of Ice,
4261,冰天宮,Hall of the Spear,
4262,冰天宮頂,Arete,
4263,土天,Heaven of Earth,
4264,冰天,Heaven of Ice,
4265,豐饒之地,fertile plains,
4266,世界樹的根土,Roots,
4267,世界樹,Bole,
4268,冰蝕地帶,hanging tributary,
4269,戰爭神之間,Barbs,
4270,冥魂石洞,Lapis Manalis,
4271,白嶺山腹,Mons Albus,
4272,收割村,vicus messorum,
4273,冥魂泉,Fons Manalis,
4274,雪獸皇座,Silvan Throne,
4275,收割廣場,forum messorum,
4276,青炎棘刺,Deepspine,
4277,收穫爐,Lar,
4278,白嶺山腹,Mons Albus,
4279,收割村,vicus messorum,
4280,冥魂泉,Fons Manalis,
4281,賢島西南側,southwestern Isle of Ken,
4282,沉沒教會附近,House of the First Light,
4283,石綠湖東北湖底,northeast Bronze Lake depths,
4284,雙月之間,Chamber of Revolutions,
4285,四十七號登山雪道,via nivalis XLVII,
4286,僭主森林,Tyrannis,
4287,厄爾庇斯育體寶殿,Shifting Gymnasion Agonon,
4288,時空狹縫,Interdimensional Rift,
4289,試煉之山,Mount Ordeals,
4290,希望的貨艙,Hoper's Hold,
4291,白嶺山麓,Pes Albus,
4292,白嶺山麓,Pes Albus,
4293,劍岩,Khadga,
4294,魔導雪車甲板,magitek snowcraft,
4295,冥魂石洞,Lapis Manalis,
4296,立方魔法陣,Voidcast Dais,
4297,哈姆島,Aetherfont,
4298,流冰帶,ice field,
4299,哈姆島,Isle of Haam,
4300,間歇靈泉,Aetherfont,
4301,流冰圓庭,landfast floe,
4302,藍檐洞中轉點,Cyancap Cavern,
4303,乙太池,Deep Below,
4304,流冰帶,ice field,
4305,哈姆島,Isle of Haam,
4306,間歇靈泉,Aetherfont,
4307,十四席大堂,Chamber of Fourteen,
4308,六根山,Mount Rokkon,
4309,六根山麓,mountain base,
4310,六根山林道,shaded approach,
4311,五堂塔下層,lower pagoda,
4312,五堂塔中層,upper pagoda,
4313,五堂塔上層,fifth story,
4314,六根山神道,pilgrim's road,
4315,六根山山道,ascetic's climb,
4316,眼根樹間地,Last Glimpse,
4317,金堂,Hall of Temptation,
4318,落葉川河畔,Autumn Rivers' End,
4319,眼根大堂,Hall of the Unseen,
4320,藏寶間,Hall of Becoming,
4321,怪鳴石磐座,Stone's Silence,
4322,淨櫻湖,Pond of Spring Rain,
4323,朱青之門,Cardinal Gate,
4324,身根溫泉,Untouched Spring,
4325,意根古堂,Shrine of the Sixth Sense,
4326,六根山麓,mountain base,
4327,眼根林道,Scenic Path,
4328,五堂塔下層,lower pagoda,
4329,五堂塔中層,upper pagoda,
4330,五堂塔上層,fifth story,
4331,鼻根竹林,Fragrant Forest,
4332,聖淨院本堂,Shojo Sanctum,
4333,聖淨院迴廊,Way of Naught,
4334,聖淨院寶藏堂,sacred stores,
4335,舌根險道,Sweet Path,
4336,耳根險道,Singing Path,
4337,望櫻湖畔,Shore of Far Sight,
4338,異聞六根山,Another Mount Rokkon,
4339,福德之層,Path of the First Virtue,
4340,智德之層,Path of the Second Virtue,
4341,壽德之層,Path of the Third Virtue,
4342,福德狹路,Single Step,
4343,智德狹路,Clever Roost,
4344,福德的試煉,Trial of Benevolence,
4345,智德的試煉,Trial of Wisdom,
4346,壽德的試煉,Trial of Responsibility,
4347,福德之道,Path of the First Virtue,
4348,智德之道,Path of the Second Virtue,
4349,壽德之道,Path of the Third Virtue,
4350,她生前的時代,Dream She Lived,
4351,隔離領域III,Containment Area III,
4352,她將逝的時代,Dream She Lost,
4353,隔離領域V,Containment Area V,
4354,我淺睡的時代,My Dream Everlasting,
4355,亞歷山德里亞,Alexandria,
4356,流逝記憶的狹縫,volatile memory cache,
4357,亞歷山德里亞,Alexandria,
4358,滯淀海域,Aetherial Slough,
4359,尖尖山洞,mountain hollow,
4360,地面,surface terrain,
4361,洞內,cave system,
4362,萬魔的產房,Dæmons' Nest,
4363,妖歌海,Sirensong Sea,
4364,黃金港,Kugane,
4365,紅玉海,Ruby Sea,
4366,無二江,One River,
4367,妖歌海海面,open Sirensong Sea,
4368,妖歌海海面幻海流,Sirensong spectral current,
4369,黃金港近海,Kugane coast,
4370,黃金港近海幻海流,Kugane spectral current,
4371,紅玉海海面,open Ruby Sea,
4372,紅玉海海面幻海流,Ruby spectral current,
4373,無二江下游,lower One River,
4374,無二江下游幻海流,One River spectral current,
4375,施恩神座,Ascension,
4376,創造世界,Apex of Creation,
4377,阿賴耶寶塔,Gilded Araya,
4378,魔石礦脈,spriggan's delight,
4379,冰柱洞,shiny spring,
4380,埃斯蒂尼安的房間,Estinien's chambers,
4381,元老院站,Senatus,
4382,紅月,red moon,
4383,阿羅阿羅島,Aloalo Island,
4384,阿羅阿羅島外灘,island foreshore,
4385,阿羅阿羅島海岸,island coastline,
4386,前往算命樹的林道,Incalculable approach,
4387,算命樹之幹,Incalculable,
4388,阿羅阿羅島內陸,island interior,
4389,算命樹之根,Thatchroot,
4390,被遺忘的建築,arboreal structure,
4391,被遺忘的神殿,forgotten sanctum,
4392,凱圖魯小灣,Ketulu Cove,
4393,老樹的樹樁,elder stump,
4394,古代廣場,ancient forum,
4395,鯨的歸處,Seasong's Rest,
4396,大樹命泉,Origin Spring,
4397,假寐廳堂,Slumbering Canopy,
4398,神子的祭壇,Kairimai Loquloqai,
4399,遺忘的古蹟,ancestral pavilion,
4400,無名沙灘,silver-white sands,
4401,吞浪洞窟,Waveater Cave,
4402,臺薩塔海灣,Tesata Bay,
4403,吞船沙洲,shipwreck shoal,
4404,鯨鬚角,Baleen Cape,
4405,傷痕樹沼,abiding wetlands,
4406,算命樹之麓,Incalculable roots,
4407,樹上行路,Boughsplane,
4408,算術士洞窟,Arithmetician's Cup,
4409,算命樹之冠,Incalculable heights,
4410,木像之路,Aloqulo thickets,
4411,巡禮地,sacred site,
4412,入夢地下道,Dreaming Halls,
4413,古代小徑,ancient trail,
4414,濃霧行路,shrouded bridge,
4415,神子的祭場,Speaker's Realm,
4416,異聞阿羅阿羅島,Another Aloalo Island,
4417,曙色之層,Dilumu,
4418,暮色之層,Qurupe,
4419,夜色之層,Nokosero,
4420,曙色狹路,Sands of Morn,
4421,暮色狹路,Roots of Gloam,
4422,曙色的試煉,Dawn Trial,
4423,暮色的試煉,Dusk Trial,
4424,夜色的試煉,Midnight Trial,
4425,曙色之道,Dalu Dilumu,
4426,暮色之道,Dalu Qurupe,
4427,夜色之道,Dalo Nokosero,
4428,,,
4429,採貝洞附近,Saibai Cavern,
4430,石綠湖西北湖底,northwest Bronze Lake depths,
4431,月面地下溪谷,lunar subterrane,
4432,月面地下溪谷,lunar subterrane,
4433,巴隆鎮,Baron,
4434,巴隆城,Baron Castle,
4435,水晶廣場,cloven crystal square,
4436,巴隆城正門,bloodied barbican,
4437,巴隆城庭院,Carnelian Courtyard,
4438,月面地下溪谷,lunar subterrane,
4439,巴隆鎮,Baron,
4440,巴隆城,Baron Castle,
4441,紅月深處,Abyssal Fracture,
4442,詩想空間,Memory of Embers,
4443,榮華神域塔利亞,Thaleia,
4444,水天,Heaven of Water,
4445,知識神水鄉,Mind's Libation,
4446,風天,Heaven of Wind,
4447,放浪神靈峰,mythic mountains,
4448,奧修昂神殿,Wanderer's Heights,
4449,翁法洛斯,Omphalos,
4450,星天,highest heaven,
4451,水天,Heaven of Water,
4452,知識神水鄉,Mind's Libation,
4453,風天,Heaven of Wind,
4454,放浪神靈峰,mythic mountains,
4455,翁法洛斯,Omphalos,
4456,星天,highest heaven,
4457,智慧之河,River of Knowledge,
4458,大洋渦底,briny deep,
4459,旅風行路,windward pass,
4460,奧修昂神殿,Wanderer's Heights,
4461,祝福天球,Twelve's Embrace,
4462,引導水廊,Way of the Wise,
4463,六天座之門,seventh gate,
4464,六天座之層,stairway to the seventh,
4465,水晶地下湖,mother lode,
4466,高貝扎的記憶,what once was,
4467,溪谷深處,darkened vestibule,
4468,金碟巨豆中心廣場,Blunderville Square,
4469,金碟巨豆中心,Blunderville,
4470,金碟狂熱,Gentlebean's Fever,
4471,金碟狂歡,Manderville-can Parade,
4472,金碟跑圈,Gold Swiveller,
4473,金碟攻城,Saucery Siege,
4474,金碟登山,Manderville Mountain,
4475,巨豆大廳,Lobbyville,
4476,,,
4477,快腿灘,Swiftstep Beach,
4478,被遺忘的行路,forgotten footfalls,
4479,算命樹之枝,Incalculable boughs,
4480,沃刻佐莫山,Worqor Zormor,
4481,基戈佐莫,Zirgor Zormor,
4482,莫加阿達天壁,Morgardar Ridge,
4483,佐天頂,Summit of Zor,
4484,基戈佐莫,Zirgor Zormor,
4485,莫加阿達天壁,Morgardar Ridge,
4486,佐天頂,Summit of Zor,
4487,猛凰爪痕,Ruin's Wrath,
4488,風平露營地,calmgrounds,
4489,風平歸路,grounding way,
4490,連雲去路,Skybound,
4491,煙嵐廢路,forsaken haze,
4492,莫加白海,Morgar Rise,
4493,莫加王駐所,Council of Morgar,
4494,卡遼陵墓,Karryor the Resting,
4495,消逝記憶的狹縫,corrupted memory cache,
4496,亞歷山德里亞,Alexandria,
4497,凱旋大街,Victors' March,
4498,和平廣場,Peacemeet,
4499,再臨之地,Reascension,
4500,尤卡圖拉爾,Yok Tural,
4501,薩卡圖拉爾,Xak Tural,
4502,無失世界,unlost world,
4503,九號解決方案,Solution Nine,
4504,圖萊尤拉,Tuliyollal,
4505,奧闊帕恰山,Urqopacha,
4506,克扎瑪烏卡濕地,Kozama'uka,
4507,亞克特爾樹海,Yak T'el,
4508,夏勞尼荒野,Shaaloani,
4509,遺產之地,Heritage Found,
4510,活著的記憶,Living Memory,
4511,尤卡圖拉爾,Yok Tural,
4512,薩卡圖拉爾,Xak Tural,
4513,無失世界,unlost world,
4514,九號解決方案,Solution Nine,
4515,圖萊尤拉,Tuliyollal,
4516,登階臺,Arterial Climb,
4517,赤銅門庭,Copperstone,
4518,滿潮港,High Tide Harbor,
4519,翼鏡街,Resplendent Quarter,
4520,鸞翔城,Exultation,
4521,沃洛克聯王宮,Vollok Shoonsa,
4522,羽毛廣場,Winged Walk,
4523,金凰大堂,Sunperch,
4524,鵬翼露臺,Pinion's Reach,
4525,薩卡圖拉爾關門,Xak Tural skygate,
4526,佐戈永結橋,Zorgor the Boundless,
4527,鮮羽兵站,Brightploom Post,
4528,心火塔,Hunu'iliy,
4529,捷足廣場,Ek-wawya Plaza,
4530,鳥趾大路,Talonmarch,
4531,海泡農園,Seafoam Fields,
4532,海岸鳥群市場,Bayside Bevy,
4533,珠串萬貨街,Wachumeqimeqi,
4534,緹姨家的塔可餅,Aunt Tii's Tacos,
4535,乙太之光廣場,Tuliyollal aetheryte plaza,
4536,休喙泉,Downripple,
4537,貝殼亭,Xbalyav Ty'e,
4538,戈尼特魯珂寶灘,Gornitruq Gleamsands,
4539,金曦的旅程,Morrow's Measure,
4540,船頭小屋,For'ard Cabins,
4541,古魯加加凱旋門,Arch of the Dawn,
4542,曙歌大鼓,Dawnherald,
4543,氣球起降所,dirigible landing,
4544,羊駝站,alpaca stables,
4545,恰巴玉凱克平原,Chabayuqeq,
4546,恰巴梅奇平原,Chabameki,
4547,撫慰千古,Solace,
4548,遙遠的嘆息,Sorrow,
4549,拉托托花田,Larh Tortoh,
4550,瓦丘恩佩洛,Wachunpelo,
4551,烈酒蒸餾所,mezcal distillery,
4552,朋友牧場,Family Ranch,
4553,指尖館,Delicate Designs,
4554,伊庫烏洛商旅館,Icuvlo's Inn,
4555,龍舌蘭牙床,Agave Jaws,
4556,帕納克佩魯休養所,Panaqpelu Retreat,
4557,坡弗露運輸公司,Povlu's Peddlery,
4558,奇畢露咖啡農園,Ciblu's Coffee Grounds,
4559,米普露馬黛茶園,Miplu's Mate Garden,
4560,歐倫坎卡谷,Oruncanca,
4561,萬千踩踏的路,Ten Thousand Steps,
4562,沃拉的迴響,Worlar's Echo,
4563,卡遼扎神殿,Karryorzar the Gracious,
4564,哀苦的遺影,Shades of Grief,
4565,納尤戈納,Naryor Gorna,
4566,佇立的自證,Proof,
4567,沉星浮淚的池,Sunken Stars,
4568,其瓦固鹽田,Chirwagur Saltern,
4569,其瓦固鹽池,Chirwagur Lake,
4570,沃刻佐莫山,Worqor Zormor,
4571,不要忘卻的深奧,Indelible Passage,
4572,護花守墓屋,Sentinel,
4573,沃刻拉朵山,Worqor Lar Dor,
4574,卡瓦胡湖,Karvarhur the First,
4575,孵卵樹群,Uyuyub',
4576,水沒羽毛樹林,Bopo'uihih,
4577,活船水路下游,Miyakabek'zu,
4578,水果樹群,Uyuypoga,
4579,露草河岸,Dewspun Bank,
4580,活船水路上游,Miyakabek'zoma,
4581,釉燒河岸,Glostfired Bank,
4582,哈努聚落,Ok'hanu,
4583,繁茂溫風大房,House of Winds High,
4584,星光滿溢洞窟,Cave Kikitola,
4585,腿的血流,Xodune,
4586,臂的血流,Xo'onu,
4587,首的血流,Xopik',
4588,大舌頭瀑布潭,Ku'uxage,
4589,竿網棧橋,Breath Between,
4590,浮著的橋,Bridge Puyhu,
4591,金渦水田,Fields of Gold,
4592,大家的聚落,Ok'bek'be,
4593,溢水浮島大房,House of Waters High,
4594,乾燥聖地,Kozanuakiy,
4595,水果碼頭,Dock Poga,
4596,無翼姐弟的大階臺,Flight of We Wingless,
4597,陽光照耀的路,Stride of the Sun,
4598,朋友的燈火,Many Fires,
4599,生息碼頭,Dock Tumu,
4600,虹彩水底,Marsh Ligaka,
4601,失敗者的船,Shoals of No Return,
4602,生息河岸,Ihuykatumu,
4603,土陶郡,Earthenshire,
4604,釉藥工房,Workpot,
4605,破裂的水瓶,Cracked Cistern,
4606,居高臨下的巨影,Imperious,
4607,奸臣的展示臺,Deceiver's Mantel,
4608,烏托姆地平線,Ut'ohmu Horizon,
4609,白燼古戰場,Xobr'it Cinderfield,
4610,加提卡海心,Ja Tiika Heartland,
4611,紺碧地門,Cerulean Cexudross,
4612,氣球起降所,dirigible landing,
4613,藍咬鵑天坑,Yak Awak Tsoly,
4614,紅豹村,Iq Br'aax,
4615,記星園庭,Garden of the Stars,
4616,磨牙鑄工,Fanged Foundry,
4617,拳印,Xmun Hojaw,
4618,守夜人的睨視,Nightstalker's Shadow,
4619,釣神基富天坑,Xd'aa Talat Tsoly,
4620,赤血天坑,Iq Rrax Tsoly,
4621,餘痕屋群,village of Ilyon Asoh,
4622,白燼天坑,Xobr'it Tsoly,
4623,冥境隧路,Ty'iinbek Traverse,
4624,冥境天坑,Xty'iinbek Tsoly,
4625,瑪穆克,Mamook,
4626,戰火炎石舞臺,Glory of Moxuk Reloonuk,
4627,甜水泉,Sapsweet Cenote,
4628,碧眼人家,Blue-eyes' Abode,
4629,鮮甜蜜園,Golmajiik Grove,
4630,幻煌樹,tree of living light,
4631,天降重石,Choliselvaas,
4632,延根天坑,Cenote Neyozzote,
4633,獻出的戰地,Moxutural Zooj,
4634,抱擁天坑,Cenote Jayunja,
4635,磨鱗訓練場,Whetstone,
4636,足尖小坑,Ankledeep,
4637,永命岩窟,Gok Draak Descent,
4638,深空天坑,Skydeep Cenote,
4639,九層檢查口,scanning port nine,
4640,居住區域,residential sector,
4641,商業區域,commerce sector,
4642,政府區域,government sector,
4643,消遣地區,recreation zone,
4644,地場節點·九,leynode nine,
4645,資訊中心,information center,
4646,9-14號居住棟,residential radius 9-14,
4647,聯合商城,Nexus Arcade,
4648,錦磚咖啡,Mosaic,
4649,解答所,Resolution,
4650,實踐公園,Praxis Park,
4651,真唯大道,True Vue,
4652,阿卡狄亞協會,Arcadion,
4653,霓虹酒杯,Neon Stein,
4654,後房,Backroom,
4655,三尾訓練館,Tritails Training,
4656,亞塔納內草地,Yawtanane Grasslands,
4657,帕利尤南沃野,Pyariyoanaan Plain,
4658,艾休凱亞尼荒原,Eshceyaani Wilds,
4659,胡薩塔伊驛鎮,Hhusatahwi,
4660,魯瓦特尼亞薩,Luwateninyawawsa,
4661,山謝亞的大口,Maw of Sansheya,
4662,圖萊尤拉關門,Tuliyollal Trailhead,
4663,特利湖,Lake Toari,
4664,美花黑澤恩,Mehwahhetsoan,
4665,灰達尤南臺地,Boughs of Hwittayoanaan,
4666,好漁夫湖岸,Otsekarri Shore,
4667,謝申內青磷泉,Sheshenewezi Springs,
4668,夏勞尼站,Shaaloani Station,
4669,托納特尼亞維,Tonatenyawi,
4670,清風低語的山丘,Mount Loazensasaya,
4671,尤艾亞·灰得墓地,Yoweya-hwitto Cemetery,
4672,尤艾卡峽谷,Yowekwa Canyon,
4673,帕耶海帕山丘,Pyaayehe'pya,
4674,亞斯拉尼荒野東部,East Yyasulani,
4675,永護塔外圍,Everkeep ward,
4676,舊亞歷山德里亞,Archeo Alexandria,
4677,先鋒營,Vanguard,
4678,亞斯拉尼站,Yyasulani Station,
4679,臺夏帕尼廢村,Tesh'pyani Village,
4680,落雷場,Thunderyards,
4681,送雷塔群,Pylons,
4682,地中天道,Earthen Sky,
4683,蓄雷增幅設施,Electric Potential,
4684,永護塔,Everkeep,
4685,邊郊鎮,outskirts,
4686,尤派光暈農地,Yyupye's Halo,
4687,終流地,driftdowns,
4688,,,
4689,融合的房屋,tumbled hearthrises,
4690,兵器試驗塔,Spire of Trial,
4691,帶雷危險區域,crackling chasm,
4692,淹水舊市街,submerged skyline,
4693,留下名字的墓地,nameslates,
4694,雷轉質礦場,Electrope Strike,
4695,回憶之門,Gate of Remembrance,
4696,運河鎮,Canal Town,
4697,昨日樂園,Yesterland,
4698,風途園圃,Windspath Gardens,
4699,火山庇護所,Asyle Volcane,
4700,地場節點·憶,leynode mnemo,
4701,中央終端,Meso Terminal,
4702,水之終端,Hydro Terminal,
4703,游水漫行街,promenade,
4704,關愛泉,Font of Devotion,
4705,達蓋雷奧醫療史博物館,Daguerreo Medical Collection,
4706,不動鐘塔,Immovable,
4707,星河鏡,starglass,
4708,旋轉鐵馬,Bergmähr-Ring,
4709,希望之輪,esperance wheels,
4710,飛車乘降站,air cab station,
4711,原型亞歷山德里亞,Proto Alexandria,
4712,土之終端,Geo Terminal,
4713,地場節點·風,leynode aero,
4714,探索花園,Blooms of Discovery,
4715,畝鼠散步道,Joy of the Mu,
4716,克雷拉自然史博物館,Cleyra Museum of Nature,
4717,易知區,Knowable,
4718,風之終端,Aero Terminal,
4719,熱井,heatwells,
4720,閃山雲噴泉,Opal Springs,
4721,地場節點·火,leynode pyro,
4722,勇武競技場,Arena of Valor,
4723,過去的神子之路,Steps of the Speaker,
4724,火繩動物園,Matchlock Menagerie,
4725,火之終端,Pyro Terminal,
4726,氣球起降所前,dirigible landing,
4727,翼鏡街,Resplendent Quarter,
4728,船頭小屋前,For'ard Cabins,
4729,海岸鳥群市場,Bayside Bevy marketplace,
4730,沃洛克聯王宮前,Vollok Shoonsa,
4731,珠串萬貨街,Wachumeqimeqi,
4732,鮮羽兵站前,Brightploom Post,
4733,資訊中心前,information center,
4734,真唯大道,True Vue,
4735,霓虹酒杯前,Neon Stein,
4736,阿卡狄亞協會前,Arcadion,
4737,解答所,Resolution,
4738,聯合商城,Nexus Arcade,
4739,居住區域,residential sector,
4740,九層檢查口（遺產之地方面）,scanning port nine (Heritage Found),
4741,古魯加加凱旋門（奧闊帕恰山方面）,Arch of the Dawn (Urqopacha),
4742,古魯加加凱旋門（克扎瑪烏卡濕地方面）,Arch of the Dawn (Kozama'uka),
4743,生息河岸（克扎瑪烏卡濕地方面）,Ihuykatumu (Kozama'uka),
4744,氣球起降所（亞克特爾樹海方面）,dirigible landing (Yak T'el),
4745,薩卡圖拉爾關門（夏勞尼荒野方面）,Xak Tural skygate (Shaaloani),
4746,乙太之光廣場,Solution Nine aetheryte plaza,
4747,9-11號居住棟,residential radius 9-11,
4748,地中天道秘密基地,Earthen Sky hideout,
4749,休息室,greenroom,
4750,航船甲板,main deck,
4751,深空天坑最深處,Skydeep Cenote inner chamber,
4752,吞沙巢穴,sandnest,
4753,畝鼠方塔,Tower of Mu,
4754,星芒市場,Starlight Stalls,
4755,臨時面試會場,Hall of the Unbound,
4756,恆彩農園,Gok Golma,
4757,幻境村,phantom village,
4758,航船甲板,main deck,
4759,休息室,break room,
4760,王座大殿,throne room,
4761,拉敏女王號,<hex:021A020203>Queen Lhaminn<hex:021A020103>,
4762,亞歷山德里亞王國遺址,Alexandria crater,
4763,本蒂尼貨運站,Bentini Depot,
4764,美麗的姑娘的家,maiden's home,
4765,特雷諾,Treno,
4766,無之領域,Unmaking,
4767,無之深淵,Nihil,
4768,廢棄墓地,Dire Deepcroft,
4769,,,
4770,,,
4771,,,
4772,,,
4773,,,
4774,,,
4775,,,
4776,,,
4777,,,
4778,,,
4779,,,
4780,,,
4781,,,
4782,,,
4783,,,
4784,,,
4785,,,
4786,,,
4787,,,
4788,,,
4789,,,
4790,,,
4791,,,
4792,,,
4793,,,
4794,,,
4795,,,
4796,,,
4797,,,
4798,,,
4799,,,
4800,,,
4801,,,
4802,,,
4803,,,
4804,,,
4805,,,
4806,,,
4807,,,
4808,,,
4809,,,
4810,,,
4811,,,
4812,,,
4813,,,
4814,,,
4815,,,
4816,,,
4817,,,
4818,,,
4819,,,
4820,,,
4821,,,
4822,,,
4823,,,
4824,,,
4825,,,
4826,,,
4827,,,
4828,,,
4829,,,
4830,,,
4831,,,
4832,,,
4833,,,
4834,,,
4835,,,
4836,,,
4837,,,
4838,,,
4839,,,
4840,,,
4841,,,
4842,,,
4843,,,
4844,,,
4845,,,
4846,,,
4847,,,
4848,,,
4849,,,
4850,,,
4851,,,
4852,,,
4853,,,
4854,,,
4855,,,
4856,,,
4857,,,
4858,,,
4859,,,
4860,,,
4861,,,
4862,,,
4863,,,
4864,,,
4865,,,
4866,,,
4867,,,
4868,,,
4869,,,
4870,,,
4871,,,
4872,,,
4873,,,
4874,,,
4875,,,
4876,,,
4877,,,
4878,,,
4879,,,
4880,,,
4881,,,
4882,,,
4883,,,
4884,,,
4885,,,
4886,,,
4887,,,
4888,,,
4889,,,
4890,,,
4891,,,
4892,,,
4893,,,
4894,,,
4895,,,
4896,,,
4897,,,
4898,,,
4899,,,
4900,生息河岸下游,downriver Ihuykatumu,
4901,生息河岸中游,midriver Ihuykatumu,
4902,公主的河船,Wuk Lamat's riverboat,
4903,樹叢之地,Koza'uyuy,
4904,黃葉礦洞,Richleaf tunnels,
4905,虹彩之地,Kozaligaka,
4906,海牛水池,punutiy pool,
4907,瞌睡怪的老窩,Drowsie's grotto,
4908,肺廣場,Breathcatch,
4909,先鋒營,Vanguard,
4910,外側區,outer ward,
4911,待命區,holding line,
4912,機庫區,storage facility,
4913,聯絡橋,crossbridge,
4914,本營區,Vanguard Command,
4915,大型機庫,central garage,
4916,保安檢查室,safety inspection chamber,
4917,前哨基地指揮室,Vanguard control room,
4918,仙人刺谷,Tender Valley,
4919,到訪之人的遺跡,Faded Footstep,
4920,仙人列道,Valley of Sabotenderous Celebrity,
4921,扎焦水道,Zarjor Wash,
4922,到訪之人的神道,Ancient Arrival,
4923,盛刺庭園,Spineblossom,
4924,巨身水槽,tremendous tank,
4925,蛇罐祭壇,Altar of the Urn Exulted,
4926,仙人刺谷,Tender Valley,
4927,調查隊營地,expedition base camp,
4928,放浪神聖域遺跡,Wanderer's Haven,
4929,水晶洞窟,crystallized caverns,
4930,古樹濕原,Eldergrowth,
4931,新月島,Occult Crescent,
4932,新月島南部,South Horn,
4933,兩歧塔 力之塔,Tower of Blood,
4934,南部平原,Southdown Heath,
4935,幻境灘,vanishing slope,
4936,放浪神聖域遺跡,Wanderer's Haven,
4937,圓頂城塞,lost citadel,
4938,南部丘陵,Heathcliff,
4939,水晶洞窟,crystallized caverns,
4940,古樹濕原,Eldergrowth,
4941,禁忌廢都,shadowed city,
4942,石塔水沼,Stonemarsh,
4943,階梯殿堂,abandoned ascent,
4944,調查隊營地,expedition base camp,
4945,僻靜的涼亭,solitary pavilion,
4946,異相迴廊,occult cloister,
4947,石塔水沼,Stonemarsh,
4948,倉庫棟10-29,Containment Complex 10-29,
4949,雪棱拜壇,Zirgorteh the Open-armed,
4950,通用研究室,researchers' commons,
4951,中轉廳,hub,
4952,第一實驗室,protolab,
4953,第二實驗室,deuterolab,
4954,設備管理室,Facilities,
4955,所長室,director's office,
4956,保暖駐地,Warmth,
4957,石材加工所,Masons' Work,
4958,食料儲藏庫,high larder,
4959,釀酒場,kirkahryar house,
4960,落雪拜壇,Breathless Altar,
4961,守雪人小屋,Shelter,
4962,鍵鬥廣場,Keybound Square,
4963,,,
4964,,,
4965,,,
4966,,,
4967,,,
4968,,,
4969,,,
4970,,,
4971,,,
4972,,,
4973,,,
4974,,,
4975,,,
4976,,,
4977,,,
4978,,,
4979,,,
4980,,,
4981,,,
4982,,,
4983,,,
4984,,,
4985,,,
4986,,,
4987,,,
4988,,,
4989,,,
4990,,,
4991,,,
4992,,,
4993,,,
4994,,,
4995,,,
4996,,,
4997,,,
4998,,,
4999,,,
5000,加加財富天坑,Cenote Ja Ja Gural,
5001,財富天坑入口,cenote entrance,
5002,第一區,first platform,
5003,第二區,second platform,
5004,第三區,third platform,
5005,第四區,fourth platform,
5006,最終區,Throne of Abundance,
5007,創生設施,Origenics,
5008,資源輸入港,hover docks,
5009,下層,lower Origenics,
5010,升降機,transport elevator,
5011,中層,middle Origenics,
5012,上層,upper Origenics,
5013,資源輸入碼頭,intake wharf,
5014,資源聚集區,resource collection facility,
5015,魂魄管理區,soul management division,
5016,魂魄加工區,soul processing division,
5017,魂魄研究區,soul research division,
5018,資源升降機,resource transport elevator,
5019,調魂器臨時保管處,temporary regulator storage,
5020,資源升降機,resource transport elevator,
5021,魂魄抽離室,soul extraction facility,
5022,記憶清洗室,memory separation facility,
5023,靈魂資源輸送通道,soul conveyance circuit,
5024,警備監視室,surveillance room,
5025,上層輸出口,upper delivery port,
5026,強化實驗室,enhancement testing grounds,
5027,深空天坑,Skydeep Cenote,
5028,永命靈堂,Gok Draak Cenotaph,
5029,伍伽採石坑,Vurgar Quarry,
5030,殘光將熄之路,Path of Dying Light,
5031,無生的輓歌,Unsung Elegy,
5032,伍伽試戰場,Vurgar Mettlegrounds,
5033,紫金門前,Gatekeep's Anvil,
5034,撫慰的淚痕,Tearspent,
5035,硬石切割場,Miners' Mark,
5036,殘光將熄之路,Path of Dying Light,
5037,休喙泉,Downripple,
5038,船頭小屋,For'ard Cabins,
5039,滿潮港,High Tide Harbor,
5040,沉星浮淚的池,Sunken Stars,
5041,其瓦固鹽池,Chirwagur Lake,
5042,卡瓦胡湖,Karvarhur the First,
5043,水沒羽毛樹林,Bopo'uihih,
5044,哈努水邊,waters Hanu,
5045,活船水路下游,Miyakabek'zu,
5046,露草河岸,Dewspun Bank,
5047,水果岸邊,Peaks Poga,
5048,大舌頭瀑布潭,Ku'uxage,
5049,活船水路上游,Miyakabek'zoma,
5050,虹彩水底,Marsh Ligaka,
5051,釣神基富天坑,Xd'aa Talat Tsoly,
5052,紅豹村蓄水池,Iq Br'aax reservoir,
5053,藍咬鵑天坑,Yak Awak Tsoly,
5054,赤血天坑,Iq Rrax Tsoly,
5055,白燼天坑,Xobr'it Tsoly,
5056,足尖小坑,Ankledeep,
5057,戰地天坑,Cenote Moxutural,
5058,抱擁天坑,Cenote Jayunja,
5059,甜水泉,Sapsweet Cenote,
5060,澀水天坑,Bitterbark Cenote,
5061,冥境天坑,Xty'iinbek Tsoly,
5062,尼葵瑞皮河,Niikwerepi,
5063,特利湖,Lake Toari,
5064,佐戈海峽西側,Westbound Zorgor,
5065,佐戈海峽東側,Eastbound Zorgor,
5066,邊郊鎮壕溝,outskirts shallows,
5067,終流地,driftdowns,
5068,帶雷危險水域,crackling canyons,
5069,亞歷山德里亞廢墟,Alexandrian ruins,
5070,居住區域,residential sector,
5071,易知區,Knowable,
5072,畝鼠水泉,Mu Springs Eternal,
5073,地場節點·風,leynode aero,
5074,運河鎮南側,Canal Town South,
5075,運河鎮北側,Canal Town North,
5076,原型亞歷山德里亞,Proto Alexandria,
5077,卡瓦胡湖,Karvarhur the First,
5078,虹彩水底東側,eastern Marsh Ligaka,
5079,虹彩水底西側,western Marsh Ligaka,
5080,虹彩水底中央深處,Marsh Ligaka depths,
5081,釣神基富天坑,Xd'aa Talat Tsoly,
5082,赤血天坑西側,western Iq Rrax Tsoly,
5083,赤血天坑東側,eastern Iq Rrax Tsoly,
5084,赤血天坑中央湖底,Iq Rrax Tsoly depths,
5085,特利湖北側,northern Lake Toari,
5086,,,
5087,,,
5088,,,
5089,,,
5090,,,
5091,,,
5092,,,
5093,,,
5094,,,
5095,,,
5096,,,
5097,,,
5098,,,
5099,,,
5100,,,
5101,伍伽造兵廠,Vurgar Armory,
5102,愛意格鬥場,Lovely Lovering,
5103,閃雷格鬥場,Thundering,
5104,狩獵格鬥場,Scratching Ring,
5105,迷途鬼區,Strayborough,
5106,友誼圈,Friendship Round,
5107,聚會廣場,Party Plaza,
5108,無休大堂,Restive Hall,
5109,傻笑大門,Giggling Gate,
5110,園區大街,Boroughfare,
5111,好腦袋庭園,Forget-Me-Nogg Gardens,
5112,嬉鬧公園,Frolicking Grounds,
5113,永久屋,Endless House,
5114,爆破格鬥場,Blasting Ring,
5115,沃刻拉朵山,Worqor Lar Dor,
5116,次元黃道,Interphos,
5117,永護塔頂層,summit of Everkeep,
5118,美夢園區南,Dreamborough South,
5119,美夢園區北,Dreamborough North,
5120,廢屋地下室,manor basement,
5121,如夢宮殿,dreamlike palace,
5122,畫廊之間,antegallery,
5123,畫工之間,artist's atrium,
5124,畫室之間,solitary studio,
5125,群狼困鬥,Fold,
5126,玉韋亞瓦塔,Yuweyawata,
5127,瓦薩特恩亞澤托,Wawsatenyazeto,
5128,水晶礦場,crystal quarry,
5129,靈魂管理室,Soul Center,
5130,沙兔的封印,Dust Yoke,
5131,幽冥的森林,dryland shroud,
5132,玉韋亞瓦塔廢村,Yuweyawata Village,
5133,卡尼洛喀技術研究所,Kanilokka Corpus,
5134,沙紋戰野,Jackrabbit's Run,
5135,機密研究所,shrouded laboratory,
5136,機密研究所地下,bedrock,
5137,另一個未來,a future rewritten,
5138,朱諾：第一巡行,Jeuno: The First Walk,
5139,朱諾下層,Lower Jeuno,
5140,波亞達樹,Boyahda Tree,
5141,路·歐恩庭院,Ru'Aun Gardens,
5142,拉·洛弗劇場,La'Loff Amphitheater,
5143,茲瓦爾城,Castle Zvahl,
5144,王座大殿,throne room,
5145,朱諾下層,Lower Jeuno,
5146,波亞達樹,Boyahda Tree,
5147,路·歐恩庭院,Ru'Aun Gardens,
5148,茲瓦爾城,Castle Zvahl,
5149,市場橋,Market Bridge,
5150,鬥舞臺,grand dais,
5151,龍巢,Dragon's Aery,
5152,拉·洛弗劇場,La'Loff Amphitheater,
5153,王座大殿,Recollection,
5154,玉韋亞瓦塔,Yuweyawata,
5155,第八層建設區域,demolition site,
5156,永護塔底,Underkeep,
5157,基礎區域,foundation sector,
5158,王城外圍,royal radius,
5159,王城內部1,retrolevel 1,
5160,王城內部2,retrolevel 2,
5161,王城內部3,retrolevel 3,
5162,基礎區域外框,foundation framework,
5163,作業通路,service route,
5164,沙石堆積層,sediment trough,
5165,難民居住區,evacuation zone,
5166,物資通路,supply route,
5167,主門,royal portal,
5168,主廳,grand hall,
5169,聯絡升降機,elevator,
5170,沙石傾倒坑,sediment funnel,
5171,傾倒坑檢查口,access hatch,
5172,物資入口,supply port,
5173,迎賓室,receiving room,
5174,大殿前廳,Chamber of Patience,
5175,藝術格鬥場,Rebel Ring,
5176,勁舞格鬥場,Groovy Ring,
5177,獨狼格鬥場,Hunter's Ring,
5178,嚎狼格鬥場,Hunting Ground,
5179,兩歧塔 力之塔,Tower of Blood,
5180,下層,tower base,
5181,中層中央大廳,central gallery,
5182,中層西側迴廊,central west passage,
5183,中層東側迴廊,central east passage,
5184,中層隱秘角落1,secret nook 1,
5185,中層隱秘角落2,secret nook 2,
5186,中層隱秘角落3,secret nook 3,
5187,中層隱秘角落4,secret nook 4,
5188,中層隱秘角落5,secret nook 5,
5189,中層隱秘角落6,secret nook 6,
5190,中層隱秘角落7,secret nook 7,
5191,中層隱秘角落8,secret nook 8,
5192,上層1,upper interior,
5193,上層2,upper exterior,
5194,頂層1,towertop gateway,
5195,頂層2,towertop passage,
5196,避世書庫,secluded stacks,
5197,頂層隱秘角落1,top secret nook 1,
5198,頂層隱秘角落2,top secret nook 2,
5199,頂層隱秘角落3,top secret nook 3,
5200,石板之間,Palaeography Room,
5201,星頭之間,Astronomy Room,
5202,冰魔之間,Glaciology Forum,
5203,力之間,Haematology Room,
5204,兩歧塔外側迴廊,pronged passage,
5205,特殊鑰匙操作區,binding lock,
5206,儲淚池,Weeping Pool,
5207,北側小跳印記,northward hop-print,
5208,西側小跳印記,westward hop-print,
5209,基地東南水池,southeast well,
5210,空葫蘆港,Hollow Harbor,
5211,砷海,Palus Arsenici,
5212,阿爾法閃亮池,Glimmerpond Alpha,
5213,貝塔閃亮池,Glimmerpond Beta,
5214,月底魔泉瀑布,aetherial falls,
5215,8-71號居住棟,residential radius 8-71,
5216,8-72號居住棟,residential radius 8-72,
5217,8-72號居住棟室內,residential rubble 8-72,
5218,玉韋亞瓦塔,Yuweyawata,
5219,憧憬灣,Sinus Ardorum,
5220,宇宙門關,Cosmoor,
5221,葫蘆小灣,Calabash Cove,
5222,婚慶威的實驗園,Weddingway's Bower,
5223,閃亮山,Gleamslope,
5224,月底,lunar nadir,
5225,月門基地,Moongate Hub,
5226,流星的淚痕,Fallen Tears,
5227,繁茂的睡床,blooming beds,
5228,蘑菇地,Mush-room,
5229,滑石坑,rock slide,
5230,閃亮裂紋,Gleamrift,
5231,尖叫泡芙,Scream Puff,
5232,空葫蘆港,Hollow Harbor,
5233,觀察艇碎片,Heimdall debris,
5234,碧藍荊棘,Frozen Briar,
5235,熒光地洞,Chlorophosvault,
5236,蓬鬆庭院,Fluffcourt,
5237,月底魔泉瀑布,aetherial falls,
5238,穿行威隧道,Piercingway Tunnel,
5239,月底升降梯,nadir lift,
5240,桑多利亞：第二巡行,San d'Oria: The Second Walk,
5241,桑多利亞,San d'Oria,
5242,隆弗爾,Ronfaure,
5243,霍爾萊岩峰,Horlais Peak,
5244,艦隊飛空艇,armada airship J-I,
5245,艦隊飛空艇II,armada airship J-II,
5246,艦隊飛空艇III,armada airship J-III,
5247,艦隊飛空艇IV,armada airship J-IV,
5248,庫菲姆,Qufim,
5249,天輪之場,Stellar Fulcrum,
5250,路·阿維塔烏神殿,Shrine of Ru'Avitau,
5251,宿星之座,Celestial Nexus,
5252,桑多利亞,San d'Oria,
5253,隆弗爾,Ronfaure,
5254,霍爾萊岩峰,Horlais Peak,
5255,庫菲姆,Qufim,
5256,天輪之場,Stellar Fulcrum,
5257,路·阿維塔烏神殿,Shrine of Ru'Avitau,
5258,宿星之座,Celestial Nexus,
5259,道拉吉耶城,Chateau d'Oraguille,
5260,岩峰武鬥場,highland battlefield,
5261,艦隊飛空艇,armada airship J-I,
5262,艦隊飛空艇II,armada airship J-II,
5263,艦隊飛空艇III,armada airship J-III,
5264,艦隊飛空艇IV,armada airship J-IV,
5265,德爾庫夫塔之塔,Delkfutt's Tower,
5266,中央終端,Meso Terminal,
5267,中央終端下層,lower circuits,
5268,中央終端中層,central circuits,
5269,中央終端上層,upper circuits,
5270,下層多用途廣場,triage module,
5271,中層大廳,public forum,
5272,重要記憶保管室,Non-volatile Memory,
5273,記錄中的醫療設施,preserved medical facility,
5274,記錄中的監押設施,preserved carceral facility,
5275,記錄中的王都市區,preserved castle town,
5276,天塹荒地,Windward Wilds,
5277,朝聖交錯路,Pilgrim's Traverse,
5278,瓦倫提昂蛋糕店,pâtisserie,
5279,蛋糕店場地,pâtisserie stage,
5280,奶油櫃,shelves of frosting,
5281,水果櫃,shelves of delicacies,
5282,配料櫃,shelves of garnishes,
5283,裝飾櫃,shelves of cake toppers,
5284,死亡滿溢之地,Ageless Necropolis,
5285,永暗淵獄,lightless abyss,
5286,退火洞,Lehr,
5287,玻璃匠基地西側,West Beaconveil,
5288,蛋白石十字口,Opalescent Crossing,
5289,堿石灰河上游,upper Soda-lime Float,
5290,堿石灰河中游北側,central Soda-lime channel,
5291,堿石灰河中游南側,western Soda-lime tributary,
5292,堿石灰河下游,lower Soda-lime Float,
5293,沉彩沙坑,Prismatic Pull,
5294,膠囊池,Capsule Pools,
5295,泡泡地獄,bubble bursters,
5296,熔火湧流,Fusingway Flow,
5297,巡夢金庫,Vault Oneiron,
5298,艦隊飛空艇,armada airship,
5299,隱藏房間,shrouded sanctum,
5300,機甲行動,mech ops,
5301,法恩娜行星,Phaenna,
5302,玻璃匠岩窟,Glassblown Grotto,
5303,千花山丘,Millefiori,
5304,堿石灰河,Soda-lime Float,
5305,玻礫河岸,Saltpeter Shore,
5306,虹彩階梯,Iridized Rise,
5307,膠囊峽谷,Capsule Chasm,
5308,熔火湧道,Fusingway Vent,
5309,退火洞,Lehr,
5310,冷卻洞,Chillmark,
5311,風息樓臺,Windsbreath Bellows,
5312,地息樓臺,Stonesbreath Bellows,
5313,熱彎瀑布,Slumping Plunge,
5314,沉彩沙坑,Prismatic Pull,
5315,十七色流沙,Scoresheen Sands,
5316,玻璃匠基地,Glassblowers' Beacon,
5317,膠囊池,Capsule Pools,
5318,蛋白石十字口,Opalescent Crossing,
5319,乳光高原,Marver Mesa,
5320,前往宇宙探索據點,Intersite Travel,
5321,前往緊急探索任務地點,Emergency Transport,
5322,,,
5323,,,
5324,,,
5325,,,
5326,,,
5327,,,
5328,,,
5329,,,
5330,,,
5331,,,
5332,,,
5333,,,
5334,,,
5335,,,
5336,,,
5337,,,
5338,,,
5339,,,
5340,,,
5341,,,
5342,,,
5343,,,
5344,,,
5345,,,
5346,,,
5347,,,
5348,,,
5349,,,
5350,霧之跡,Mistwake,
5351,阿飽洞,Quan Caverns,
5352,特雷諾平野,Treno lowlands,
5353,特雷諾市區,City of Treno,
5354,魔獸的領地,shattered lair,
5355,特雷諾入口廣場,Overture Plaza,
5356,議事廳廣場,town round,
5357,阿飽洞,Quan Caverns,
5358,特雷諾平野,Treno Lowlands,
5359,特雷諾市區,City of Treno,
5360,廢棄礦區,electrope mine,
5361,鐵馬車軌道,derelict railway,
5362,通往特雷諾的道路,Treno Thoroughfare,
5363,特雷諾大門,Darkgate,
5364,擴建區,Codetta Quarter,
5365,特雷諾主路,Main Street,
5366,特雷諾小路,Bridge Street,
5367,鐵馬車軌道,Hell on Rails,
5368,？？？？,???,
5369,致命格鬥場,Ring Noir,
5370,極限格鬥場,X-Ring,
5371,霸王格鬥場,Crown,
5372,商客奇譚,<hex:021A020203>Merchant's Tale<hex:021A020103>,
5373,某個城鎮,faraway place,
5374,果實豐收的大地,Land of Eternal Harvest,
5375,色彩繽紛的海灣,Cove of Countless Colors,
5376,岩石怪異的溪谷,Valley of Living Stone,
5377,濃霧籠罩的大海,veil of mist,
5378,中央廣場,Font of Paths Aplenty,
5379,路上的休息地,caravan campsite,
5380,通往向陽地的廣場,sun-teased cavern,
5381,望向城鎮的山坡,Jealous Slope,
5382,紅石之間,Ruby Receiving Room,
5383,睡火之間,Smoldering Bedchamber,
5384,七色沙灘,Seven-shade Sands,
5385,虹彩演舞臺,shimmering stage,
5386,人魚的石舞臺,Sea-maid's Mirror,
5387,盜賊的碰頭點,den of thieves,
5388,老舊的巢穴,old nest,
5389,剛劍試煉場,Wound of the Heavens,
5390,破敗的人家,Overgrown Dwelling,
5391,城邊的後巷,Beckoning Backstreet,
5392,熱鬧的市場,Bountiful Bazaar,
5393,正門大道,Tiled Thoroughfare,
5394,果實豐收的大地,Land of Eternal Harvest,
5395,葡萄園,Ever-ripe Vineyard,
5396,廢棄的宮殿,Palace of the Spurned,
5397,隱者的膝下,Anchorite's Auspice,
5398,色彩繽紛的海灣,Cove of Countless Colors,
5399,岩石怪異的溪谷,Valley of Living Stone,
5400,磁力洞穴,Passage of Earth,
5401,浮岩山路,Passage of Sky,
5402,修行者之路,Little-traveled Path,
5403,無人的村子,Village of No One,
5404,虛海,Land of Sea,
5405,登天格鬥場,Arcadia,
5406,俄匊斯行星,Oizys,
5407,巨石城,Megalithopolis,
5408,無風無息沙漠,Erg Eris,
5409,升地沙石灘,Regolift,
5410,革剌斯角,Cape Geras,
5411,摩羅斯井,Moros Well,
5412,藍裂幽陸,Shadefleet,
5413,翠核深谷,Emerald Echoes,
5414,護盾岩牆,Shielding Wall,
5415,虛空岩牆,Falsifying Wall,
5416,壞掉的坑道,collapsed tunnel,
5417,丟失已久的胡蘿蔔,Long-lost Carrot,
5418,先驅者綠洲,Foregone Oasis,
5419,強極海灘,Sound Pole,
5420,大地基地,Terra Firma,
5421,視界井,Event Rise,
5422,錨山,Unmoored Anchor,
5423,藍裂小丘,Indigo Flagship,
5424,荒漠地洞遺跡,Desert Burrow,
5425,先驅者綠洲,Foregone Oasis,
5426,巨石城東側,Megalithopolis,
5427,極界水平線,Magnetic Horizon,
5428,壞掉的坑道東側,collapsed tunnel,
5429,摩羅斯井,Moros Well,
5430,藍裂裂界,Under Overboard,
5431,地下池,Subterrain,
5432,沃刻其特,Worqor Chirteh,
5433,戰略目標點01,triumph 1,
5434,戰略目標點03,triumph 3,
5435,戰略目標點02,triumph 2,
5436,戰略目標點04,triumph 4,
5437,戰略目標點05,triumph 5,
5438,戰略目標點06,triumph 6,
5439,戰略目標點07,triumph 7,
5440,戰略目標點08,triumph 8,
5441,戰略目標點09,triumph 9,
5442,戰略目標點10,triumph 10,
5443,戰略目標點11,triumph 11,
5444,戰略目標點12,triumph 12,
5445,睡蓮湖附近,Lilyswim,
5446,月門基地,Moongate Hub,
5447,葫蘆小灣,Calabash Cove,
5448,婚慶威的實驗園,Weddingway's Bower,
5449,閃亮山,Gleamslope,
5450,月底,lunar nadir,
5451,玻璃匠基地,Glassblowers' Beacon,
5452,虹彩階梯,Iridized Rise,
5453,玻礫河岸,Saltpeter Shore,
5454,膠囊峽谷,Capsule Chasm,
5455,熔火湧道,Fusingway Vent,
5456,大地基地,Terra Firma,
5457,升地沙石灘西北,northwestern Regolift,
5458,革剌斯角,Cape Geras,
5459,藍裂幽陸,Shadefleet,
5460,荒漠地洞遺跡,Desert Burrow,
5461,通往廣場的路,unfamiliar street,
5462,通往海灣的洞穴,prismatic cave,
5463,虛海,land of sea,
5464,後巷庭院,Font of Earthly Treasures,
5465,後巷庭院,Font of Earthly Treasures,
5466,卡尼洛喀技術研究所地下,Kanilokka Corpus substructure,
5467,多格渥野營地,Dorgerwor the Astute,
5468,祭陽神殿遺址,Singing Stone,
5469,其特野城遺址,Chirteh's Keep,
5470,山稜石寨,Zirgor,
5471,觀雪丘,Argent Overlook,
5472,確認石寨,Vahder,
5473,雪水泉,Snowmelt,
5474,異聞商客奇譚,Another Merchant's Tale,
5475,兩歧塔 魔之塔,Tower of Magic,
5476,下層,tower base,
5477,下層迴廊入口,lower vestibule,
5478,下層西側迴廊,lower west passage,
5479,下層東側迴廊,lower east passage,
5480,下層中央迴廊,lower central passage,
5481,中層迴廊,central mezzanine,
5482,中層警戒區,veil of ignorance,
5483,中層隱秘區,secret nook,
5484,中層大廳,central hall,
5485,上層走廊,upper passage,
5486,上層警戒區,upper veil,
5487,上層迴廊,transcendence,
5488,知識的巔峰,Pinnacle of Knowledge,
5489,知識的巔峰,Pinnacle of Knowledge,
5490,避世收藏庫,concealed collection,
5491,蛇之間,Herpetology Forum,
5492,舞之間,Choreology Room,
5493,死之間,Thanatology Room,
5494,全知之間,Epistemology Theater,
5495,幻體之間,Agnoiology Room,
5496,測時之間,Horology Room,
5497,商業區,Commercium,
5498,通往魔導工廠的路,manufactory vallum,
5499,克呂提俄斯魔導工廠,Clyteum,
5500,第七站前路,Transeptimum,
5501,瓦厲斯道,Via Varis,
5502,帝都第六大道,Cardo VI,
5503,工廠聯絡路,restricted access,
5504,北艾布拉納林道,north Eblan timberland,
5505,克呂提俄斯魔導工廠入口,steel gateway,
5506,第一飛空艇塢,Dock I,
5507,花冠廣場,Forum Floricomum,
5508,材料存放場,stockyard,
5509,兵器試驗場,secure test site,
5510,溫達斯：第三巡行,Windurst: The Third Walk,
5511,溫達斯,Windurst,
5512,阿爾扎比,Al Zahbi,
5513,奈茲爾島,Nyzul Isle,
5514,路·美特庭園,Garden of Ru'Hmet,
5515,天象之鎖,Empyreal Paradox,
5516,阿比瑟亞·天象之鎖,Abyssean Empyreal Paradox,
5517,石之區,Windurst Walls,
5518,人民街區,residential area,
5519,奈茲爾島,Nyzul Isle,
5520,路·美特庭園,Garden of Ru'Hmet,
5521,天象之鎖,Empyreal Paradox,
5522,阿比瑟亞·天象之鎖,Abyssean Empyreal Paradox,
5523,天之塔,Heavens Tower,
5524,鬥舞臺,Dais of Ascension,
5525,凱旋門,Victory Gate,
5526,棱堡,Bastion,
5527,白神之間,Ruin of Light Divine,
5528,眾天使之間,Angels' Fall,
5529,克呂提俄斯魔導工廠,Clyteum,
5530,,,
5531,無名島,unnamed island,
5532,薩維奈島,Thavnair,
5533,無名島近海,unnamed margin,
5534,無名島近海幻海流,unnamed spectral current,
5535,薩維奈島近海,Thavnair Margin,
5536,薩維奈島近海幻海流,Thavnair spectral current,
5537,原木池,Timberpond,
5538,萌動根水,New Growth Tapwaters,
5539,翠綠圓泉,Emerald Springs,
5540,葉脈綠道西,western Nervure,
5541,盛放噴泉,Full Bloom Fountain,
5542,樹晶浸池,Sylvan Soaking Pool,
5543,蒼石湖畔,Stratostone Shores,
5544,子葉蓄水池,Sprouting Cisterns,
5545,金碟遊樂場,Gold Saucer,
5546,原木屋基地,Timberlodge,
5547,盛放花園,Full Bloom Gardens,
5548,傘帽涼棚,Pileus Pergola,
5549,樹晶堆棧,Sylvan Stacks,
5550,蒼石林班,Stratostone Stand,
5551,奧克塞西亞行星,Auxesia,
5552,核心林區,Core Shroud,
5553,原木池,Timberpond,
5554,翠枝圓林,Netroot Radius,
5555,樹晶堆棧,Sylvan Stacks,
5556,盛放花園,Full Bloom Gardens,
5557,葉脈綠道,Emerald Nervure,
5558,蒼石林班,Stratostone Stand,
5559,太母神桂,Grandma Laurel,
5560,喬木住宅區,Highwood Estates,
5561,原木屋基地,Timberlodge,
5562,子葉塔,Sprouting Towerling,
5563,交錯路口,Scrambling Ways,
5564,萌動市區,New Growth City,
5565,春蘭爭豔,Orchidelirium,
5566,傘帽涼棚,Pileus Pergola,
5567,常葉塔,Sunning Towerling,
5568,花丁威的百花壇,Blossomingway Beds,
5569,末葉塔,Rooting Towerling,
5570,烏爾塔拉姆大道,Ulthalam Parade,
5571,北部調查隊營地,North Horn base camp,
5572,沉沒聖堂前,sinking sanctuary,
5573,浮游遺跡,suspended masonry,
5574,腐壞的街道前,moldering outskirts,
5575,妖火漁村,unhallowed hamlet,
5576,卡納克城塞,Crown of Karnak,
5577,新月島北部,North Horn,
5578,兩歧塔 魔之塔,Tower of Magic,
5579,卡納克城塞,Crown of Karnak,
5580,妖火湖南岸,south Shadowdeep shore,
5581,妖火湖北岸,north Shadowdeep shore,
5582,沉沒聖堂,sinking sanctuary,
5583,暴屍林,Marrowood,
5584,浮游遺跡,suspended masonry,
5585,球像神殿,shrine of spheres,
5586,腐壞的街道,moldering streets,
5587,妖火漁村,unhallowed hamlet,
5588,黑暗領域,Dark territory,
5589,全望塔,panoptical pillar,
5590,妖火湖,Shadowdeep,
5591,藍光地下監獄,Labyrinth of the Damned,
5592,北部盆地,north basin,
5593,地下空洞,subterrane,
5594,避世收藏庫,concealed collection,
5595,北部調查隊營地,North Horn base camp,
5596,,,
5597,,,
5598,,,
5599,,,
5600,,,
5601,,,
5602,,,
5603,,,
5604,,,
5605,,,
5606,,,
5607,,,
5608,,,
5609,,,
5610,,,
5611,,,
5612,,,
5613,,,
5614,,,
5615,,,
